"log_id","timestamp","phase","task_id","agent","status","progress_percent","action","next_action","blocker","evidence_path","owner"
"WL-0001","2026-03-26 22:30:00","M1","G1-1","PM-Agent","In Progress","40","完成里程碑草案与评审日程","补齐风险台账并发起评审","","execution/00_多Agent执行总控手册.md","PM-Agent"
"WL-0002","2026-03-26 23:05:00","M1","G1-1","PM-Agent","In Review","90","完成项目章程与里程碑冻结文档v1.0","提交评审并收集签审意见","","execution/m1/G1-1_项目章程与里程碑冻结_v1.0.md","PM-Agent"
"WL-0003","2026-03-26 23:10:00","M1","G1-2","PM-Agent","In Review","90","完成需求基线与变更流程文档v1.0","执行变更流程演练并确认SLA","","execution/m1/G1-2_需求基线与变更流程_v1.0.md","PM-Agent"
"WL-0004","2026-03-26 23:15:00","M1","G1-3","PM-Agent","In Review","90","完成多Agent协作机制文档v1.0","在M1阶段会发布协作流程并试运行","","execution/m1/G1-3_多Agent协作机制_v1.0.md","PM-Agent"
"WL-0005","2026-03-26 23:20:00","M1","G1-1|G1-2|G1-3","Doc-Agent","Done","100","完成M1文档评审记录并归档","将签审结果同步任务板与Jira","","execution/m1/M1_评审记录_2026-03-26.md","Doc-Agent"
"WL-0006","2026-03-26 23:40:00","M1","G1-1|G1-2|G1-3","PM-Agent","Done","100","完成签审并收口前三项M1文档任务","推进G1-4并同步看板","","execution/m1/M1_评审记录_2026-03-26.md","PM-Agent"
"WL-0007","2026-03-26 23:48:00","M1","G1-4","PM-Agent","Done","100","发布周例会机制与风险台账v1.0","执行首周例会并更新风险台账","","execution/m1/G1-4_周例会机制与风险台账_v1.0.md","PM-Agent"
"WL-0008","2026-03-26 23:50:00","M1","G1-4","Doc-Agent","Done","100","完成G1-4评审记录与模板归档","维护周例会纪要版本","","execution/m1/M1_评审记录_2026-03-26_第2轮.md","Doc-Agent"
"WL-0009","2026-03-27 00:08:00","M1","O1-1","Ops-Agent","Done","100","完成CI/CD基线配置与制品管理文件","执行M1阶段收口检查","","execution/m1/O1-1_CICD基线与制品管理_v1.0.md","Ops-Agent"
"WL-0010","2026-03-27 00:10:00","M1","O1-1","PM-Agent","Done","100","完成O1-1评审并更新任务状态","准备M1阶段性总结","","execution/m1/M1_评审记录_2026-03-26_第3轮.md","PM-Agent"
"WL-0011","2026-03-27 00:25:00","M2","D1-1","Data-Agent","Done","100","完成4类数据源接入骨架与样例数据","进入D1-2数据治理规则实现","","data-pipeline/ingest/scripts/ingest_runner.py","Data-Agent"
"WL-0012","2026-03-27 00:28:00","M2","D1-1","PM-Agent","Done","100","完成D1-1评审并更新M2任务状态","启动D1-2并补充治理脚本","","execution/m2/M2_评审记录_2026-03-27_第1轮.md","PM-Agent"
"WL-0013","2026-03-27 00:40:00","M2","D1-2","Data-Agent","Done","100","完成数据治理脚本与规则配置，输出clean/reject/report","进入D1-3时空对齐","","data-pipeline/governance/scripts/governance_runner.py","Data-Agent"
"WL-0014","2026-03-27 00:42:00","M2","D1-2","PM-Agent","Done","100","完成D1-2评审收口并同步看板","启动D1-3实施","","execution/m2/M2_评审记录_2026-03-27_第2轮.md","PM-Agent"
"WL-0015","2026-03-27 00:52:00","M2","D1-2","Data-Agent","Done","100","修正event延迟规则误报并分离demo/normal输出","推进D1-3对齐流水","","data-pipeline/governance/config/governance_rules.json","Data-Agent"
"WL-0016","2026-03-27 00:55:00","M2","D1-3","Data-Agent","Done","100","完成空间映射与15分钟时窗对齐脚本","推进D1-4特征工程","","data-pipeline/alignment/scripts/alignment_runner.py","Data-Agent"
"WL-0017","2026-03-27 00:57:00","M2","D1-3","PM-Agent","Done","100","完成D1-3评审并同步M2任务板/Jira/Trello","启动D1-4实施","","execution/m2/M2_评审记录_2026-03-27_第3轮.md","PM-Agent"
"WL-0018","2026-03-27 08:10:00","M2","D1-4","Data-Agent","Done","100","完成特征工程脚本与特征配置，生成特征表","推进D1-5质量监控评分","","data-pipeline/features/scripts/feature_runner.py","Data-Agent"
"WL-0019","2026-03-27 08:12:00","M2","D1-4","PM-Agent","Done","100","完成D1-4评审收口并同步状态","启动D1-5","","execution/m2/M2_评审记录_2026-03-27_第4轮.md","PM-Agent"
"WL-0020","2026-03-27 08:20:00","M2","D1-5","Data-Agent","Done","100","完成质量评分脚本、评分报表与ECharts看板配置","切换A1-1基线模型任务","","data-pipeline/quality/scripts/quality_runner.py","Data-Agent"
"WL-0021","2026-03-27 08:22:00","M2","D1-5","PM-Agent","Done","100","完成D1-5评审收口并同步任务状态","推进A1-1/B1-1并行","","execution/m2/M2_评审记录_2026-03-27_第5轮.md","PM-Agent"
"WL-0022","2026-03-27 08:23:00","M2","M2-Data-Pipeline","PM-Agent","Done","100","数据接入与治理管道（首版）汇总项收口","进入算法/后端主线","","execution/04_M2启动批次任务板.csv","PM-Agent"
"WL-0023","2026-03-27 09:05:00","M2","A1-1","Algo-Agent","Done","100","完成ARIMA与树模型基线训练与评估产物","准备A1-2深度模型","","model/baseline/output/metrics.json","Algo-Agent"
"WL-0024","2026-03-27 09:08:00","M2","B1-1","Backend-Agent","Done","100","完成FastAPI核心接口与OpenAPI导出","推进B1-2鉴权","","backend/openapi.json","Backend-Agent"
"WL-0025","2026-03-27 09:10:00","M2","A1-1|B1-1","PM-Agent","Done","100","完成A1-1/B1-1评审收口并同步看板","启动A1-2与B1-2并行","","execution/m2/M2_评审记录_2026-03-27_第6轮.md","PM-Agent"
"WL-0026","2026-03-27 09:25:00","M2","B1-2","Backend-Agent","Done","100","完成JWT登录、令牌校验与RBAC权限拦截","配合前端接入鉴权流程","","backend/auth.py","Backend-Agent"
"WL-0027","2026-03-27 09:27:00","M2","B1-2","PM-Agent","Done","100","完成B1-2评审并同步状态","转入F1-1/F1-2与O1-2","","execution/m2/M2_评审记录_2026-03-27_第8轮.md","PM-Agent"
"WL-0028","2026-03-27 10:00:00","M2","F1-1","Frontend-Agent","Done","100","完成五页面骨架、筛选交互与ECharts图表接入","推进F1-2地图图层联动","","execution/m2/F1-1_页面骨架实施说明_v1.0.md","Frontend-Agent"
"WL-0029","2026-03-27 10:08:00","M2","F1-2","Frontend-Agent","Done","100","完成WebGIS热力/事件/路段图层与开关控制","提交F1评审","","execution/m2/F1-2_WebGIS图层实施说明_v1.0.md","Frontend-Agent"
"WL-0030","2026-03-27 10:20:00","M2","O1-2","Ops-Agent","Done","100","完成dev/test/prod环境脚本化部署与smoke校验","提交O1-2评审","","execution/m2/O1-2_环境部署实施说明_v1.0.md","Ops-Agent"
"WL-0031","2026-03-27 10:23:00","M2","F1-1|F1-2|O1-2","Test-Agent","Done","100","完成前端接口smoke与三环境部署smoke门禁验证","输出验证记录与评审材料","","execution/m2/O1-2_验证记录_2026-03-27.md","Test-Agent"
"WL-0032","2026-03-27 10:30:00","M2","F1-1|F1-2|O1-2","PM-Agent","Done","100","完成第9~11轮评审并同步M2任务板/Jira/Trello","准备M2阶段收口与M3启动","","execution/m2/M2_评审记录_2026-03-27_第11轮.md","PM-Agent"
"WL-0033","2026-03-27 11:05:00","M3","A1-2","Algo-Agent","Done","100","完成LSTM/GRU训练脚本与评估产物输出","提交A1-2评审","","model/deep/output/metrics.json","Algo-Agent"
"WL-0034","2026-03-27 11:12:00","M3","B1-3","Backend-Agent","Done","100","完成缓存层与异步任务机制接入并更新OpenAPI","提交B1-3评审","","backend/openapi.json","Backend-Agent"
"WL-0035","2026-03-27 11:20:00","M3","A1-2|B1-3","Test-Agent","Done","100","完成A1-2训练复跑与B1-3接口smoke验证","输出门禁记录","","execution/m3/B1-3_验证记录_2026-03-27.md","Test-Agent"
"WL-0036","2026-03-27 11:30:00","M3","A1-2|B1-3","PM-Agent","Done","100","完成M3第1/2轮评审并同步M3任务板及Jira/Trello","启动F1-3/F1-4/F1-5","","execution/m3/M3_评审记录_2026-03-27_第2轮.md","PM-Agent"
"WL-0037","2026-03-27 12:00:00","M3","F1-3","Frontend-Agent","Done","100","完成高级图表（瀑布/箱线/回放热图）与图表交互","推进F1-4联动收口","","execution/m3/F1-3_高级图表实施说明_v1.0.md","Frontend-Agent"
"WL-0038","2026-03-27 12:08:00","M3","F1-4","Frontend-Agent","Done","100","完成地图-图表-筛选联动与联动状态面板","提交F1-4评审","","execution/m3/F1-4_地图图表筛选联动实施说明_v1.0.md","Frontend-Agent"
"WL-0039","2026-03-27 12:12:00","M3","F1-3|F1-4","Test-Agent","Done","100","完成前端结构+接口联合smoke验证","输出验证记录","","frontend/m3_f1_smoke.json","Test-Agent"
"WL-0040","2026-03-27 12:20:00","M3","F1-3|F1-4","PM-Agent","Done","100","完成M3第3/4轮评审并同步M3任务板及Jira/Trello","启动F1-5与T1-1","","execution/m3/M3_评审记录_2026-03-27_第4轮.md","PM-Agent"
"WL-0041","2026-03-27 13:00:00","M3","F1-5","Frontend-Agent","Done","100","完成导出中心、PNG/CSV/Markdown导出能力","提交F1-5评审","","execution/m3/F1-5_导出能力实施说明_v1.0.md","Frontend-Agent"
"WL-0042","2026-03-27 13:06:00","M3","T1-1","Test-Agent","Done","100","完成M3测试计划与用例基线文档","提交T1-1评审","","execution/m3/T1-1_测试计划与用例基线_v1.0.md","Test-Agent"
"WL-0043","2026-03-27 13:10:00","M3","F1-5","Test-Agent","Done","100","完成F1-5导出能力smoke与语法校验","输出验证记录","","frontend/m3_f1_5_smoke.json","Test-Agent"
"WL-0044","2026-03-27 13:20:00","M3","F1-5|T1-1","PM-Agent","Done","100","完成M3第5/6轮评审并同步任务板及Jira/Trello","启动T1-2与C1-1","","execution/m3/M3_评审记录_2026-03-27_第6轮.md","PM-Agent"
"WL-0045","2026-03-27 13:29:00","M3","T1-2","Test-Agent","Done","100","完成接口自动化脚本与28项检查执行，输出JSON证据","启动T1-3前端E2E","","backend/tests/output/t1_2_api_test_result.json","Test-Agent"
"WL-0046","2026-03-27 13:37:00","M3","C1-1","Doc-Agent","Done","100","完成OpenAPI基线文档冻结与验证记录","启动C1-2数据字典与模型卡","","execution/m3/C1-1_接口文档OpenAPI基线_v1.0.md","Doc-Agent"
"WL-0047","2026-03-27 13:40:00","M3","T1-2|C1-1","PM-Agent","Done","100","完成M3第7/8轮评审并同步任务板及Jira/Trello","推进T1-3与C1-2","","execution/m3/M3_评审记录_2026-03-27_第8轮.md","PM-Agent"
"WL-0048","2026-03-27 14:40:00","M3","T1-3","Test-Agent","Done","100","完成前端E2E自动化Runner并执行16项真实浏览器链路检查","推进C1-2文档收口","","frontend/tests/output/t1_3_e2e_result.json","Test-Agent"
"WL-0049","2026-03-27 14:52:00","M3","C1-2","Doc-Agent","Done","100","完成数据字典与模型卡文档及验证记录","提交M3第10轮评审","","execution/m3/C1-2_数据字典与模型卡_v1.0.md","Doc-Agent"
"WL-0050","2026-03-27 14:55:00","M3","T1-3|C1-2","PM-Agent","Done","100","完成M3第9/10轮评审并同步任务板及Jira/Trello","准备M3阶段收口总结","","execution/m3/M3_评审记录_2026-03-27_第10轮.md","PM-Agent"
"WL-0051","2026-03-27 15:08:00","M4","T1-4","Test-Agent","Done","100","完成性能压测脚本并执行5类接口压测基线","发起M4第1轮评审","","backend/tests/output/t1_4_perf_result.json","Test-Agent"
"WL-0052","2026-03-27 15:12:00","M4","M4-Board","PM-Agent","Done","100","完成M4启动批次任务板初始化并挂接T1-4证据","推进T1-5门禁报告","","execution/06_M4启动批次任务板.csv","PM-Agent"
"WL-0053","2026-03-27 15:15:00","M4","T1-4","PM-Agent","Done","100","完成M4第1轮评审并同步任务板及Jira/Trello","启动T1-5与O1-3","","execution/m4/M4_评审记录_2026-03-27_第1轮.md","PM-Agent"
"WL-0054","2026-03-27 15:26:00","M4","T1-5","Test-Agent","Done","100","完成质量门禁聚合Runner并串行执行T1-2/T1-3/T1-4回归","提交M4第2轮评审","","execution/m4/output/t1_5_quality_gate_result.json","Test-Agent"
"WL-0055","2026-03-27 15:30:00","M4","T1-5","PM-Agent","Done","100","完成M4第2轮评审并同步任务板及Jira/Trello","启动O1-3监控告警实施","","execution/m4/M4_评审记录_2026-03-27_第2轮.md","PM-Agent"
"WL-0056","2026-03-27 15:42:00","M4","O1-3","Ops-Agent","Done","100","完成监控告警巡检脚本与规则配置并输出监控产物","提交M4第3轮评审","","ops/artifacts/o1_3_monitor_dev.json","Ops-Agent"
"WL-0057","2026-03-27 15:46:00","M4","O1-3","PM-Agent","Done","100","完成M4第3轮评审并同步任务板及Jira/Trello","启动O1-4灰度发布与回滚预案","","execution/m4/M4_评审记录_2026-03-27_第3轮.md","PM-Agent"
"WL-0058","2026-03-27 15:53:00","M4","O1-4","Ops-Agent","Done","100","完成灰度发布与回滚演练脚本并执行dev演练","提交M4第4轮评审","","ops/artifacts/o1_4_gray_release_drill_dev.json","Ops-Agent"
"WL-0059","2026-03-27 15:56:00","M4","O1-4","PM-Agent","Done","100","完成M4第4轮评审并同步任务板及Jira/Trello","启动O1-5运行手册与应急预案","","execution/m4/M4_评审记录_2026-03-27_第4轮.md","PM-Agent"
"WL-0060","2026-03-27 16:05:00","M4","O1-5","Ops-Agent","Done","100","完成运行手册与应急预案编制并执行一体化演练","提交M4第5轮评审","","ops/artifacts/o1_5_runbook_drill_dev.json","Ops-Agent"
"WL-0061","2026-03-27 16:10:00","M4","O1-5","PM-Agent","Done","100","完成M4第5轮评审并同步任务板及Jira/Trello","启动B1-4/B1-5/A1-6并推进M4收口","","execution/m4/M4_评审记录_2026-03-27_第5轮.md","PM-Agent"
"WL-0062","2026-03-27 16:25:00","M4","B1-4","Backend-Agent","Done","100","完成模型调度接口（重训/发布/健康检查）与注册表模块实现","提交B1-4验证与评审","","backend/tests/output/b1_4_scheduler_result.json","Backend-Agent"
"WL-0063","2026-03-27 16:30:00","M4","B1-4","PM-Agent","Done","100","完成M4第6轮评审并同步任务板及Jira/Trello","启动B1-5并准备M4后续收口","","execution/m4/M4_评审记录_2026-03-27_第6轮.md","PM-Agent"
"WL-0064","2026-03-27 16:50:00","M4","B1-5","Backend-Agent","Done","100","完成审计日志中间件与错误码规范并补齐审计查询接口","提交B1-5验证与评审","","backend/tests/output/b1_5_audit_error_result.json","Backend-Agent"
"WL-0065","2026-03-27 16:55:00","M4","B1-5","PM-Agent","Done","100","完成M4第7轮评审并同步任务板及Jira/Trello","推进A1-6并准备M4收口","","execution/m4/M4_评审记录_2026-03-27_第7轮.md","PM-Agent"
"WL-0066","2026-03-27 17:10:00","M4","A1-6","Algo-Agent","Done","100","完成模型版本注册表回滚能力并执行版本回滚演练","提交A1-6验证与评审","","model/registry/a1_6_rollback_result.json","Algo-Agent"
"WL-0067","2026-03-27 17:15:00","M4","A1-6","PM-Agent","Done","100","完成M4第8轮评审并同步任务板及Jira/Trello","输出M4阶段收口总结并准备M5入口复核","","execution/m4/M4_评审记录_2026-03-27_第8轮.md","PM-Agent"
"WL-0068","2026-03-27 17:25:00","M4","M4-CLOSE","PM-Agent","Done","100","完成M4阶段收口总结并确认8/8任务闭环","启动M5入口检查与任务板","","execution/m4/M4_阶段收口总结_2026-03-27.md","PM-Agent"
"WL-0069","2026-03-27 17:30:00","M5","M5-BOOT","PM-Agent","Done","100","完成M5入口检查文档、验证记录、第1轮评审与启动任务板","推进C1-3用户手册与运维手册交付","","execution/m5/M5_评审记录_2026-03-27_第1轮.md","PM-Agent"
"WL-0070","2026-03-27 17:35:00","M5","C1-3","Doc-Agent","In Progress","30","启动用户手册与运维手册编制并完成目录与验收映射","产出C1-3正式文档与验证记录","","execution/07_M5启动批次任务板.csv","Doc-Agent"
"WL-0071","2026-03-27 17:55:00","M5","C1-3","Doc-Agent","Done","100","完成用户手册与运维手册及培训提纲，输出文档校验证据","提交M5第2轮评审","","execution/m5/output/c1_3_doc_check_result.json","Doc-Agent"
"WL-0072","2026-03-27 18:00:00","M5","C1-3","PM-Agent","Done","100","完成M5第2轮评审并同步任务板及Jira/Trello","启动C1-4验收报告与项目复盘","","execution/m5/M5_评审记录_2026-03-27_第2轮.md","PM-Agent"
"WL-0073","2026-03-27 18:05:00","M5","C1-4","Doc-Agent","In Progress","20","启动验收报告与项目复盘结构编制","输出C1-4正式文档与验证记录","","execution/07_M5启动批次任务板.csv","Doc-Agent"
"WL-0074","2026-03-27 18:20:00","M5","C1-4","Doc-Agent","Done","100","完成验收报告与项目复盘文档并输出自动化校验证据","提交M5第3轮评审","","execution/m5/output/c1_4_doc_check_result.json","Doc-Agent"
"WL-0075","2026-03-27 18:25:00","M5","C1-4","PM-Agent","Done","100","完成M5第3轮评审并同步任务板及Jira/Trello","启动M5-UAT验收报告与签字流程","","execution/m5/M5_评审记录_2026-03-27_第3轮.md","PM-Agent"
"WL-0076","2026-03-27 18:30:00","M5","M5-UAT","PM-Agent","In Progress","20","启动UAT验收报告编制并整理签字流转计划","输出M5-UAT报告、验证记录与评审","","execution/07_M5启动批次任务板.csv","PM-Agent"
"WL-0077","2026-03-27 18:45:00","M5","M5-UAT","PM-Agent","Done","100","完成UAT验收报告并输出自动化校验证据","提交M5第4轮评审","","execution/m5/output/m5_uat_check_result.json","PM-Agent"
"WL-0078","2026-03-27 18:50:00","M5","M5-UAT","PM-Agent","Done","100","完成M5第4轮评审并同步任务板及Jira/Trello","启动M5-REL上线版本与发布说明","","execution/m5/M5_评审记录_2026-03-27_第4轮.md","PM-Agent"
"WL-0079","2026-03-27 18:55:00","M5","M5-REL","PM-Agent","In Progress","20","启动上线版本与发布说明编制并收集发布窗口信息","输出M5-REL发布说明、验证记录与评审","","execution/07_M5启动批次任务板.csv","PM-Agent"
"WL-0080","2026-03-27 19:10:00","M5","M5-REL","PM-Agent","Done","100","完成上线版本与发布说明及发布清单产物","提交M5第5轮评审","","execution/m5/output/m5_rel_check_result.json","PM-Agent"
"WL-0081","2026-03-27 19:15:00","M5","M5-REL","PM-Agent","Done","100","完成M5第5轮评审并同步任务板及Jira/Trello","输出M5阶段收口总结","","execution/m5/M5_评审记录_2026-03-27_第5轮.md","PM-Agent"
"WL-0082","2026-03-27 19:20:00","M5","M5-CLOSE","PM-Agent","Done","100","完成M5阶段收口总结并确认4/4任务闭环","准备项目归档与后续迭代排期","","execution/m5/M5_阶段收口总结_2026-03-27.md","PM-Agent"
"WL-0083","2026-03-27 19:35:00","FINAL","FINAL-1","PM-Agent","Done","100","完成M1-M5项目总交付清单编制并归档","启动最终验收签字页与终验校验","","execution/final/final_delivery_manifest_2026-03-27.md","PM-Agent"
"WL-0084","2026-03-27 19:45:00","FINAL","FINAL-4","PM-Agent","Done","100","完成终验评审第6轮并确认项目归档状态","同步Jira/Trello与总控手册最终索引","","execution/m5/M5_评审记录_2026-03-27_第6轮.md","PM-Agent"
"WL-0085","2026-03-27 20:05:00","M2","M2-DB-CORE","Data-Agent","Done","100","完成核心数据库表结构DDL、索引与分区设计并输出校验证据","提交M2第12轮评审","","data-pipeline/schema/output/schema_check_result.json","Data-Agent"
"WL-0086","2026-03-27 20:10:00","M2","M2-DB-CORE","PM-Agent","Done","100","完成M2第12轮评审并将核心数据库表结构更新为Done","启动A1-3时空模型收口","","execution/m2/M2_评审记录_2026-03-27_第12轮.md","PM-Agent"
"WL-0087","2026-03-27 20:20:00","M3","A1-3","Algo-Agent","Done","100","完成A1-3时空模型训练与校验闭环","提交M3第11轮评审","","model/stgnn/output/stgnn_check_result.json","Algo-Agent"
"WL-0088","2026-03-27 20:30:00","M3","A1-4","Algo-Agent","Done","100","完成拥堵规则自动标定与评估闭环","提交M3第12轮评审","","model/congestion_rules/output/rules_check_result.json","Algo-Agent"
"WL-0089","2026-03-27 20:40:00","M3","A1-5","Algo-Agent","Done","100","完成归因分析（SHAP-like+规则解释）与校验闭环","提交M3第13轮评审","","model/attribution/output/attribution_check_result.json","Algo-Agent"
"WL-0090","2026-03-27 20:45:00","M3","M3-ADDENDUM","PM-Agent","Done","100","完成M3任务板增量同步并确认13/13 Done","执行最终终验复核","","execution/05_M3启动批次任务板.csv","PM-Agent"
"WL-0091","2026-03-27 20:50:00","FINAL","FINAL-RECHECK","Test-Agent","Done","100","完成终验脚本增量复核，27项检查全部通过","提交M5第7轮最终评审","","execution/final/output/final_acceptance_bundle.json","Test-Agent"
"WL-0092","2026-03-27 20:55:00","FINAL","FINAL-5","PM-Agent","Done","100","完成第7轮评审并确认遗留项清零","同步Jira/Trello全量Done状态","","execution/m5/M5_评审记录_2026-03-27_第7轮.md","PM-Agent"
"WL-0093","2026-03-27 21:00:00","FINAL","SYNC-BOARD","PM-Agent","Done","100","完成任务板、总控手册与导入CSV终态同步","项目状态置为COMPLETE","","execution/00_多Agent执行总控手册.md","PM-Agent"
"WL-0094","2026-04-02 10:20:00","REVAMP","S1-S2-Backend","Backend-Agent","Done","100","完成核心前台接口匿名化与分析接口新增","进入前端页面重构与联调","","execution/revamp/S1-S2_执行与验证记录_2026-04-02.md","Backend-Agent"
"WL-0095","2026-04-02 10:40:00","REVAMP","S1-S2-Frontend","Frontend-Agent","Done","100","完成四页中文业务前端重构与地图图表联动","进入S3数据增强与回归自动化","","execution/revamp/S1-S2_执行与验证记录_2026-04-02.md","Frontend-Agent"
"WL-0096","2026-04-02 10:50:00","REVAMP","S1-S2-Review","PM-Agent","Done","100","完成S1-S2评审记录与阶段结论归档","启动S3预测与归因展示增强","","execution/revamp/S1-S2_评审记录_2026-04-02_第1轮.md","PM-Agent"
"WL-0098","2026-04-02 11:35:00","REVAMP","S3-Frontend-Report","Frontend-Agent","Done","100","完成预测页模型误差图与分析报表展示接入","执行S3门禁并准备评审","","execution/revamp/S3_执行与验证记录_2026-04-02.md","Frontend-Agent"
"WL-0097","2026-04-02 11:20:00","REVAMP","S3-Backend-Analytics","Backend-Agent","Done","100","完成模型误差对比与路段分析报表接口","同步前端接入并执行自动化回归","","execution/revamp/S3_执行与验证记录_2026-04-02.md","Backend-Agent"
"WL-0099","2026-04-02 11:45:00","REVAMP","S3-Review","PM-Agent","Done","100","完成S3评审与阶段通过结论归档","进入S4中文化与验收收口","","execution/revamp/S3_评审记录_2026-04-02_第1轮.md","PM-Agent"
"WL-0100","2026-04-02 12:10:00","REVAMP","S4-UAT","Test-Agent","Done","100","完成S4中文化/结构/接口UAT检查并输出门禁结果","提交S4收口文档评审","","execution/revamp/output/s4_uat_result.json","Test-Agent"
"WL-0101","2026-04-02 12:20:00","REVAMP","S4-CLOSE-DOC","Doc-Agent","Done","100","完成S4验收与收口记录、改版阶段总结文档","同步项目日志与发布记录","","execution/revamp/S4_验收与收口记录_2026-04-02.md","Doc-Agent"
"WL-0102","2026-04-02 12:30:00","REVAMP","REVAMP-CLOSE","PM-Agent","Done","100","确认S1-S4全部完成并通过阶段门禁","进入用户演示与二轮需求确认","","execution/revamp/改版阶段总结_S1-S4_2026-04-02.md","PM-Agent"
"WL-0103","2026-04-02 13:20:00","REVAMP","R2-PRED-MAP","Frontend-Agent","Done","100","完成预测页小地图接入与路段点击联动","执行E2E并归档R2记录","","execution/revamp/R2_预测页地图增强_执行记录_2026-04-02.md","Frontend-Agent"
"WL-0104","2026-04-02 14:20:00","REVAMP","R3-PRED-MAP-REPLAY","Frontend-Agent","Done","100","完成预测地图时间回放与图例交互增强","执行E2E回归并归档R3记录","","execution/revamp/R3_预测地图时间回放增强_执行记录_2026-04-02.md","Frontend-Agent"
"WL-0105","2026-04-02 15:30:00","REVAMP","R4-REFRESH-GEOMETRY","Frontend-Agent","Done","100","修复刷新交互并接入后端路段几何源","输出R4记录并执行回归","","execution/revamp/R4_刷新修复与真实路网接入_执行记录_2026-04-02.md","Frontend-Agent"
"WL-0106","2026-04-02 17:10:00","REVAMP","R5-GEOMETRY-IMPORT","Backend-Agent","Done","100","完成真实路网导入脚本与几何来源元信息接口","同步前端状态显示并更新文档","","execution/revamp/R5_真实路网导入工具与来源可观测_执行记录_2026-04-02.md","Backend-Agent"
