train_id,timestamp,station,line,occupancy_pct
metro-00001,2026-03-25T00:00:00Z,Station-01,Red Line,82
metro-00002,2026-03-25T00:00:00Z,Station-02,Green Line,56
metro-00003,2026-03-25T00:45:00Z,Station-03,Blue Line,48
metro-00004,2026-03-25T00:00:00Z,Station-04,Green Line,71
metro-00005,2026-03-25T00:45:00Z,Station-05,Orange Line,65
metro-00006,2026-03-25T00:45:00Z,Station-06,Blue Line,48
metro-00007,2026-03-25T00:15:00Z,Station-07,Orange Line,75
metro-00008,2026-03-25T00:15:00Z,Station-08,Blue Line,92
metro-00009,2026-03-25T00:45:00Z,Station-09,Green Line,85
metro-00010,2026-03-25T00:00:00Z,Station-10,Green Line,30
metro-00011,2026-03-25T01:45:00Z,Station-01,Orange Line,50
metro-00012,2026-03-25T01:00:00Z,Station-02,Red Line,88
metro-00013,2026-03-25T01:30:00Z,Station-03,Blue Line,82
metro-00014,2026-03-25T01:00:00Z,Station-04,Green Line,48
metro-00015,2026-03-25T01:30:00Z,Station-05,Green Line,52
metro-00016,2026-03-25T01:45:00Z,Station-06,Red Line,90
metro-00017,2026-03-25T01:00:00Z,Station-07,Orange Line,74
metro-00018,2026-03-25T01:30:00Z,Station-08,Blue Line,87
metro-00019,2026-03-25T01:15:00Z,Station-09,Green Line,91
metro-00020,2026-03-25T01:45:00Z,Station-10,Green Line,50
metro-00021,2026-03-25T02:45:00Z,Station-01,Blue Line,86
metro-00022,2026-03-25T02:15:00Z,Station-02,Red Line,60
metro-00023,2026-03-25T02:45:00Z,Station-03,Orange Line,58
metro-00024,2026-03-25T02:15:00Z,Station-04,Red Line,64
metro-00025,2026-03-25T02:30:00Z,Station-05,Green Line,42
metro-00026,2026-03-25T02:30:00Z,Station-06,Green Line,81
metro-00027,2026-03-25T02:00:00Z,Station-07,Red Line,43
metro-00028,2026-03-25T02:15:00Z,Station-08,Green Line,62
metro-00029,2026-03-25T02:15:00Z,Station-09,Blue Line,93
metro-00030,2026-03-25T02:00:00Z,Station-10,Blue Line,32
metro-00031,2026-03-25T03:30:00Z,Station-01,Orange Line,73
metro-00032,2026-03-25T03:00:00Z,Station-02,Orange Line,54
metro-00033,2026-03-25T03:15:00Z,Station-03,Red Line,69
metro-00034,2026-03-25T03:45:00Z,Station-04,Green Line,64
metro-00035,2026-03-25T03:15:00Z,Station-05,Orange Line,75
metro-00036,2026-03-25T03:00:00Z,Station-06,Orange Line,90
metro-00037,2026-03-25T03:15:00Z,Station-07,Blue Line,71
metro-00038,2026-03-25T03:00:00Z,Station-08,Green Line,75
metro-00039,2026-03-25T03:45:00Z,Station-09,Blue Line,72
metro-00040,2026-03-25T03:45:00Z,Station-10,Blue Line,85
metro-00041,2026-03-25T04:00:00Z,Station-01,Red Line,43
metro-00042,2026-03-25T04:15:00Z,Station-02,Blue Line,82
metro-00043,2026-03-25T04:00:00Z,Station-03,Blue Line,89
metro-00044,2026-03-25T04:45:00Z,Station-04,Red Line,43
metro-00045,2026-03-25T04:45:00Z,Station-05,Blue Line,58
metro-00046,2026-03-25T04:15:00Z,Station-06,Blue Line,77
metro-00047,2026-03-25T04:00:00Z,Station-07,Red Line,62
metro-00048,2026-03-25T04:00:00Z,Station-08,Orange Line,45
metro-00049,2026-03-25T04:30:00Z,Station-09,Orange Line,56
metro-00050,2026-03-25T04:00:00Z,Station-10,Green Line,60
metro-00051,2026-03-25T05:00:00Z,Station-01,Red Line,62
metro-00052,2026-03-25T05:15:00Z,Station-02,Red Line,90
metro-00053,2026-03-25T05:30:00Z,Station-03,Blue Line,30
metro-00054,2026-03-25T05:45:00Z,Station-04,Blue Line,82
metro-00055,2026-03-25T05:30:00Z,Station-05,Red Line,41
metro-00056,2026-03-25T05:15:00Z,Station-06,Green Line,30
metro-00057,2026-03-25T05:45:00Z,Station-07,Green Line,75
metro-00058,2026-03-25T05:45:00Z,Station-08,Blue Line,33
metro-00059,2026-03-25T05:00:00Z,Station-09,Red Line,65
metro-00060,2026-03-25T05:15:00Z,Station-10,Blue Line,50
metro-00061,2026-03-25T06:15:00Z,Station-01,Red Line,52
metro-00062,2026-03-25T06:15:00Z,Station-02,Blue Line,55
metro-00063,2026-03-25T06:15:00Z,Station-03,Green Line,88
metro-00064,2026-03-25T06:00:00Z,Station-04,Orange Line,58
metro-00065,2026-03-25T06:15:00Z,Station-05,Red Line,45
metro-00066,2026-03-25T06:15:00Z,Station-06,Green Line,68
metro-00067,2026-03-25T06:45:00Z,Station-07,Blue Line,38
metro-00068,2026-03-25T06:15:00Z,Station-08,Orange Line,78
metro-00069,2026-03-25T06:00:00Z,Station-09,Blue Line,77
metro-00070,2026-03-25T06:00:00Z,Station-10,Blue Line,83
metro-00071,2026-03-25T07:00:00Z,Station-01,Red Line,50
metro-00072,2026-03-25T07:15:00Z,Station-02,Red Line,49
metro-00073,2026-03-25T07:45:00Z,Station-03,Red Line,85
metro-00074,2026-03-25T07:15:00Z,Station-04,Blue Line,64
metro-00075,2026-03-25T07:30:00Z,Station-05,Orange Line,50
metro-00076,2026-03-25T07:15:00Z,Station-06,Orange Line,84
metro-00077,2026-03-25T07:15:00Z,Station-07,Orange Line,65
metro-00078,2026-03-25T07:30:00Z,Station-08,Green Line,57
metro-00079,2026-03-25T07:00:00Z,Station-09,Blue Line,81
metro-00080,2026-03-25T07:30:00Z,Station-10,Orange Line,89
metro-00081,2026-03-25T08:00:00Z,Station-01,Red Line,46
metro-00082,2026-03-25T08:00:00Z,Station-02,Blue Line,44
metro-00083,2026-03-25T08:45:00Z,Station-03,Orange Line,47
metro-00084,2026-03-25T08:00:00Z,Station-04,Blue Line,59
metro-00085,2026-03-25T08:15:00Z,Station-05,Blue Line,36
metro-00086,2026-03-25T08:00:00Z,Station-06,Blue Line,40
metro-00087,2026-03-25T08:30:00Z,Station-07,Red Line,63
metro-00088,2026-03-25T08:30:00Z,Station-08,Green Line,47
metro-00089,2026-03-25T08:15:00Z,Station-09,Red Line,84
metro-00090,2026-03-25T08:45:00Z,Station-10,Blue Line,47
metro-00091,2026-03-25T09:15:00Z,Station-01,Red Line,48
metro-00092,2026-03-25T09:45:00Z,Station-02,Red Line,84
metro-00093,2026-03-25T09:00:00Z,Station-03,Green Line,88
metro-00094,2026-03-25T09:15:00Z,Station-04,Green Line,73
metro-00095,2026-03-25T09:00:00Z,Station-05,Red Line,31
metro-00096,2026-03-25T09:00:00Z,Station-06,Red Line,33
metro-00097,2026-03-25T09:00:00Z,Station-07,Green Line,51
metro-00098,2026-03-25T09:00:00Z,Station-08,Red Line,54
metro-00099,2026-03-25T09:45:00Z,Station-09,Red Line,86
metro-00100,2026-03-25T09:30:00Z,Station-10,Red Line,33
metro-00101,2026-03-25T10:15:00Z,Station-01,Green Line,70
metro-00102,2026-03-25T10:45:00Z,Station-02,Red Line,94
metro-00103,2026-03-25T10:30:00Z,Station-03,Green Line,63
metro-00104,2026-03-25T10:15:00Z,Station-04,Red Line,48
metro-00105,2026-03-25T10:45:00Z,Station-05,Green Line,92
metro-00106,2026-03-25T10:00:00Z,Station-06,Blue Line,52
metro-00107,2026-03-25T10:30:00Z,Station-07,Red Line,70
metro-00108,2026-03-25T10:45:00Z,Station-08,Orange Line,35
metro-00109,2026-03-25T10:45:00Z,Station-09,Orange Line,33
metro-00110,2026-03-25T10:00:00Z,Station-10,Red Line,30
metro-00111,2026-03-25T11:30:00Z,Station-01,Blue Line,78
metro-00112,2026-03-25T11:30:00Z,Station-02,Green Line,41
metro-00113,2026-03-25T11:30:00Z,Station-03,Green Line,49
metro-00114,2026-03-25T11:45:00Z,Station-04,Orange Line,45
metro-00115,2026-03-25T11:15:00Z,Station-05,Orange Line,49
metro-00116,2026-03-25T11:30:00Z,Station-06,Blue Line,71
metro-00117,2026-03-25T11:30:00Z,Station-07,Red Line,76
metro-00118,2026-03-25T11:30:00Z,Station-08,Blue Line,78
metro-00119,2026-03-25T11:00:00Z,Station-09,Red Line,90
metro-00120,2026-03-25T11:00:00Z,Station-10,Orange Line,56
metro-00121,2026-03-25T12:15:00Z,Station-01,Orange Line,88
metro-00122,2026-03-25T12:30:00Z,Station-02,Red Line,53
metro-00123,2026-03-25T12:15:00Z,Station-03,Red Line,37
metro-00124,2026-03-25T12:30:00Z,Station-04,Red Line,45
metro-00125,2026-03-25T12:45:00Z,Station-05,Green Line,45
metro-00126,2026-03-25T12:00:00Z,Station-06,Green Line,63
metro-00127,2026-03-25T12:15:00Z,Station-07,Orange Line,93
metro-00128,2026-03-25T12:15:00Z,Station-08,Blue Line,78
metro-00129,2026-03-25T12:15:00Z,Station-09,Red Line,81
metro-00130,2026-03-25T12:30:00Z,Station-10,Blue Line,49
metro-00131,2026-03-25T13:00:00Z,Station-01,Blue Line,81
metro-00132,2026-03-25T13:30:00Z,Station-02,Blue Line,69
metro-00133,2026-03-25T13:45:00Z,Station-03,Green Line,50
metro-00134,2026-03-25T13:00:00Z,Station-04,Blue Line,83
metro-00135,2026-03-25T13:15:00Z,Station-05,Green Line,85
metro-00136,2026-03-25T13:15:00Z,Station-06,Red Line,69
metro-00137,2026-03-25T13:30:00Z,Station-07,Red Line,89
metro-00138,2026-03-25T13:00:00Z,Station-08,Orange Line,67
metro-00139,2026-03-25T13:45:00Z,Station-09,Blue Line,75
metro-00140,2026-03-25T13:30:00Z,Station-10,Green Line,35
metro-00141,2026-03-25T14:15:00Z,Station-01,Orange Line,59
metro-00142,2026-03-25T14:30:00Z,Station-02,Green Line,53
metro-00143,2026-03-25T14:30:00Z,Station-03,Blue Line,32
metro-00144,2026-03-25T14:00:00Z,Station-04,Orange Line,78
metro-00145,2026-03-25T14:30:00Z,Station-05,Orange Line,65
metro-00146,2026-03-25T14:30:00Z,Station-06,Red Line,58
metro-00147,2026-03-25T14:00:00Z,Station-07,Green Line,60
metro-00148,2026-03-25T14:15:00Z,Station-08,Green Line,72
metro-00149,2026-03-25T14:15:00Z,Station-09,Orange Line,37
metro-00150,2026-03-25T14:30:00Z,Station-10,Red Line,67
metro-00151,2026-03-25T15:00:00Z,Station-01,Green Line,60
metro-00152,2026-03-25T15:15:00Z,Station-02,Blue Line,56
metro-00153,2026-03-25T15:30:00Z,Station-03,Blue Line,62
metro-00154,2026-03-25T15:30:00Z,Station-04,Red Line,80
metro-00155,2026-03-25T15:15:00Z,Station-05,Blue Line,43
metro-00156,2026-03-25T15:00:00Z,Station-06,Red Line,88
metro-00157,2026-03-25T15:45:00Z,Station-07,Red Line,36
metro-00158,2026-03-25T15:15:00Z,Station-08,Blue Line,41
metro-00159,2026-03-25T15:15:00Z,Station-09,Orange Line,57
metro-00160,2026-03-25T15:15:00Z,Station-10,Orange Line,71
metro-00161,2026-03-25T16:15:00Z,Station-01,Red Line,82
metro-00162,2026-03-25T16:00:00Z,Station-02,Red Line,40
metro-00163,2026-03-25T16:45:00Z,Station-03,Green Line,79
metro-00164,2026-03-25T16:00:00Z,Station-04,Orange Line,94
metro-00165,2026-03-25T16:45:00Z,Station-05,Red Line,31
metro-00166,2026-03-25T16:15:00Z,Station-06,Blue Line,33
metro-00167,2026-03-25T16:00:00Z,Station-07,Red Line,72
metro-00168,2026-03-25T16:45:00Z,Station-08,Red Line,46
metro-00169,2026-03-25T16:00:00Z,Station-09,Blue Line,78
metro-00170,2026-03-25T16:30:00Z,Station-10,Orange Line,93
metro-00171,2026-03-25T17:30:00Z,Station-01,Green Line,45
metro-00172,2026-03-25T17:45:00Z,Station-02,Red Line,57
metro-00173,2026-03-25T17:45:00Z,Station-03,Green Line,74
metro-00174,2026-03-25T17:15:00Z,Station-04,Red Line,39
metro-00175,2026-03-25T17:30:00Z,Station-05,Red Line,45
metro-00176,2026-03-25T17:30:00Z,Station-06,Red Line,67
metro-00177,2026-03-25T17:15:00Z,Station-07,Blue Line,80
metro-00178,2026-03-25T17:45:00Z,Station-08,Green Line,33
metro-00179,2026-03-25T17:15:00Z,Station-09,Orange Line,54
metro-00180,2026-03-25T17:15:00Z,Station-10,Blue Line,57
metro-00181,2026-03-25T18:15:00Z,Station-01,Red Line,60
metro-00182,2026-03-25T18:45:00Z,Station-02,Green Line,72
metro-00183,2026-03-25T18:30:00Z,Station-03,Orange Line,39
metro-00184,2026-03-25T18:00:00Z,Station-04,Green Line,34
metro-00185,2026-03-25T18:30:00Z,Station-05,Blue Line,82
metro-00186,2026-03-25T18:00:00Z,Station-06,Green Line,32
metro-00187,2026-03-25T18:30:00Z,Station-07,Blue Line,93
metro-00188,2026-03-25T18:45:00Z,Station-08,Orange Line,85
metro-00189,2026-03-25T18:00:00Z,Station-09,Red Line,44
metro-00190,2026-03-25T18:15:00Z,Station-10,Orange Line,32
metro-00191,2026-03-25T19:00:00Z,Station-01,Blue Line,37
metro-00192,2026-03-25T19:15:00Z,Station-02,Green Line,79
metro-00193,2026-03-25T19:45:00Z,Station-03,Red Line,33
metro-00194,2026-03-25T19:45:00Z,Station-04,Blue Line,88
metro-00195,2026-03-25T19:00:00Z,Station-05,Green Line,57
metro-00196,2026-03-25T19:00:00Z,Station-06,Blue Line,57
metro-00197,2026-03-25T19:30:00Z,Station-07,Green Line,75
metro-00198,2026-03-25T19:00:00Z,Station-08,Orange Line,95
metro-00199,2026-03-25T19:15:00Z,Station-09,Orange Line,43
metro-00200,2026-03-25T19:45:00Z,Station-10,Orange Line,84
metro-00201,2026-03-25T20:15:00Z,Station-01,Blue Line,63
metro-00202,2026-03-25T20:30:00Z,Station-02,Red Line,44
metro-00203,2026-03-25T20:15:00Z,Station-03,Green Line,30
metro-00204,2026-03-25T20:45:00Z,Station-04,Blue Line,73
metro-00205,2026-03-25T20:30:00Z,Station-05,Blue Line,91
metro-00206,2026-03-25T20:15:00Z,Station-06,Orange Line,35
metro-00207,2026-03-25T20:15:00Z,Station-07,Blue Line,77
metro-00208,2026-03-25T20:00:00Z,Station-08,Red Line,43
metro-00209,2026-03-25T20:30:00Z,Station-09,Orange Line,32
metro-00210,2026-03-25T20:00:00Z,Station-10,Green Line,38
metro-00211,2026-03-25T21:30:00Z,Station-01,Green Line,53
metro-00212,2026-03-25T21:00:00Z,Station-02,Orange Line,62
metro-00213,2026-03-25T21:15:00Z,Station-03,Orange Line,83
metro-00214,2026-03-25T21:45:00Z,Station-04,Green Line,88
metro-00215,2026-03-25T21:00:00Z,Station-05,Green Line,48
metro-00216,2026-03-25T21:30:00Z,Station-06,Orange Line,61
metro-00217,2026-03-25T21:15:00Z,Station-07,Green Line,43
metro-00218,2026-03-25T21:30:00Z,Station-08,Red Line,94
metro-00219,2026-03-25T21:30:00Z,Station-09,Blue Line,52
metro-00220,2026-03-25T21:15:00Z,Station-10,Red Line,53
metro-00221,2026-03-25T22:15:00Z,Station-01,Green Line,48
metro-00222,2026-03-25T22:45:00Z,Station-02,Orange Line,37
metro-00223,2026-03-25T22:45:00Z,Station-03,Red Line,90
metro-00224,2026-03-25T22:15:00Z,Station-04,Orange Line,45
metro-00225,2026-03-25T22:45:00Z,Station-05,Orange Line,33
metro-00226,2026-03-25T22:45:00Z,Station-06,Blue Line,57
metro-00227,2026-03-25T22:30:00Z,Station-07,Blue Line,58
metro-00228,2026-03-25T22:30:00Z,Station-08,Green Line,61
metro-00229,2026-03-25T22:15:00Z,Station-09,Red Line,66
metro-00230,2026-03-25T22:00:00Z,Station-10,Green Line,82
metro-00231,2026-03-25T23:00:00Z,Station-01,Blue Line,85
metro-00232,2026-03-25T23:30:00Z,Station-02,Red Line,48
metro-00233,2026-03-25T23:45:00Z,Station-03,Green Line,48
metro-00234,2026-03-25T23:45:00Z,Station-04,Green Line,41
metro-00235,2026-03-25T23:45:00Z,Station-05,Orange Line,74
metro-00236,2026-03-25T23:45:00Z,Station-06,Red Line,57
metro-00237,2026-03-25T23:00:00Z,Station-07,Orange Line,84
metro-00238,2026-03-25T23:00:00Z,Station-08,Blue Line,54
metro-00239,2026-03-25T23:30:00Z,Station-09,Green Line,45
metro-00240,2026-03-25T23:30:00Z,Station-10,Blue Line,64
metro-00241,2026-03-26T00:45:00Z,Station-01,Blue Line,60
metro-00242,2026-03-26T00:30:00Z,Station-02,Green Line,35
metro-00243,2026-03-26T00:00:00Z,Station-03,Blue Line,91
metro-00244,2026-03-26T00:15:00Z,Station-04,Red Line,30
metro-00245,2026-03-26T00:45:00Z,Station-05,Orange Line,79
metro-00246,2026-03-26T00:00:00Z,Station-06,Red Line,44
metro-00247,2026-03-26T00:45:00Z,Station-07,Blue Line,39
metro-00248,2026-03-26T00:00:00Z,Station-08,Blue Line,72
metro-00249,2026-03-26T00:00:00Z,Station-09,Red Line,38
metro-00250,2026-03-26T00:45:00Z,Station-10,Red Line,65
metro-00251,2026-03-26T01:00:00Z,Station-01,Green Line,39
metro-00252,2026-03-26T01:30:00Z,Station-02,Red Line,88
metro-00253,2026-03-26T01:45:00Z,Station-03,Blue Line,55
metro-00254,2026-03-26T01:45:00Z,Station-04,Orange Line,48
metro-00255,2026-03-26T01:00:00Z,Station-05,Green Line,58
metro-00256,2026-03-26T01:30:00Z,Station-06,Green Line,32
metro-00257,2026-03-26T01:45:00Z,Station-07,Orange Line,86
metro-00258,2026-03-26T01:30:00Z,Station-08,Orange Line,50
metro-00259,2026-03-26T01:00:00Z,Station-09,Orange Line,47
metro-00260,2026-03-26T01:45:00Z,Station-10,Orange Line,46
metro-00261,2026-03-26T02:15:00Z,Station-01,Green Line,32
metro-00262,2026-03-26T02:00:00Z,Station-02,Orange Line,90
metro-00263,2026-03-26T02:45:00Z,Station-03,Red Line,50
metro-00264,2026-03-26T02:00:00Z,Station-04,Green Line,32
metro-00265,2026-03-26T02:45:00Z,Station-05,Green Line,38
metro-00266,2026-03-26T02:15:00Z,Station-06,Blue Line,55
metro-00267,2026-03-26T02:45:00Z,Station-07,Blue Line,41
metro-00268,2026-03-26T02:15:00Z,Station-08,Green Line,75
metro-00269,2026-03-26T02:15:00Z,Station-09,Blue Line,74
metro-00270,2026-03-26T02:45:00Z,Station-10,Red Line,89
metro-00271,2026-03-26T03:00:00Z,Station-01,Orange Line,31
metro-00272,2026-03-26T03:15:00Z,Station-02,Blue Line,43
metro-00273,2026-03-26T03:00:00Z,Station-03,Blue Line,30
metro-00274,2026-03-26T03:45:00Z,Station-04,Red Line,58
metro-00275,2026-03-26T03:45:00Z,Station-05,Blue Line,95
metro-00276,2026-03-26T03:30:00Z,Station-06,Blue Line,89
metro-00277,2026-03-26T03:45:00Z,Station-07,Green Line,78
metro-00278,2026-03-26T03:00:00Z,Station-08,Blue Line,57
metro-00279,2026-03-26T03:45:00Z,Station-09,Red Line,67
metro-00280,2026-03-26T03:30:00Z,Station-10,Green Line,36
metro-00281,2026-03-26T04:15:00Z,Station-01,Green Line,36
metro-00282,2026-03-26T04:15:00Z,Station-02,Orange Line,67
metro-00283,2026-03-26T04:00:00Z,Station-03,Red Line,85
metro-00284,2026-03-26T04:30:00Z,Station-04,Green Line,36
metro-00285,2026-03-26T04:15:00Z,Station-05,Orange Line,56
metro-00286,2026-03-26T04:30:00Z,Station-06,Red Line,80
metro-00287,2026-03-26T04:45:00Z,Station-07,Red Line,48
metro-00288,2026-03-26T04:45:00Z,Station-08,Orange Line,95
metro-00289,2026-03-26T04:15:00Z,Station-09,Blue Line,39
metro-00290,2026-03-26T04:00:00Z,Station-10,Blue Line,41
metro-00291,2026-03-26T05:45:00Z,Station-01,Blue Line,43
metro-00292,2026-03-26T05:15:00Z,Station-02,Green Line,83
metro-00293,2026-03-26T05:15:00Z,Station-03,Green Line,92
metro-00294,2026-03-26T05:45:00Z,Station-04,Blue Line,84
metro-00295,2026-03-26T05:15:00Z,Station-05,Blue Line,44
metro-00296,2026-03-26T05:15:00Z,Station-06,Green Line,82
metro-00297,2026-03-26T05:00:00Z,Station-07,Green Line,59
metro-00298,2026-03-26T05:45:00Z,Station-08,Red Line,93
metro-00299,2026-03-26T05:45:00Z,Station-09,Orange Line,45
metro-00300,2026-03-26T05:45:00Z,Station-10,Orange Line,37
metro-00301,2026-03-26T06:45:00Z,Station-01,Orange Line,60
metro-00302,2026-03-26T06:45:00Z,Station-02,Blue Line,31
metro-00303,2026-03-26T06:30:00Z,Station-03,Red Line,78
metro-00304,2026-03-26T06:15:00Z,Station-04,Red Line,51
metro-00305,2026-03-26T06:15:00Z,Station-05,Blue Line,74
metro-00306,2026-03-26T06:30:00Z,Station-06,Blue Line,41
metro-00307,2026-03-26T06:45:00Z,Station-07,Green Line,31
metro-00308,2026-03-26T06:30:00Z,Station-08,Orange Line,43
metro-00309,2026-03-26T06:30:00Z,Station-09,Orange Line,49
metro-00310,2026-03-26T06:00:00Z,Station-10,Blue Line,39
metro-00311,2026-03-26T07:15:00Z,Station-01,Green Line,80
metro-00312,2026-03-26T07:45:00Z,Station-02,Red Line,64
metro-00313,2026-03-26T07:15:00Z,Station-03,Orange Line,66
metro-00314,2026-03-26T07:00:00Z,Station-04,Blue Line,46
metro-00315,2026-03-26T07:00:00Z,Station-05,Green Line,34
metro-00316,2026-03-26T07:15:00Z,Station-06,Orange Line,62
metro-00317,2026-03-26T07:30:00Z,Station-07,Blue Line,68
metro-00318,2026-03-26T07:30:00Z,Station-08,Red Line,40
metro-00319,2026-03-26T07:30:00Z,Station-09,Green Line,87
metro-00320,2026-03-26T07:45:00Z,Station-10,Red Line,86
metro-00321,2026-03-26T08:00:00Z,Station-01,Green Line,52
metro-00322,2026-03-26T08:15:00Z,Station-02,Orange Line,87
metro-00323,2026-03-26T08:45:00Z,Station-03,Orange Line,55
metro-00324,2026-03-26T08:15:00Z,Station-04,Red Line,87
metro-00325,2026-03-26T08:30:00Z,Station-05,Orange Line,39
metro-00326,2026-03-26T08:00:00Z,Station-06,Orange Line,93
metro-00327,2026-03-26T08:45:00Z,Station-07,Orange Line,49
metro-00328,2026-03-26T08:45:00Z,Station-08,Orange Line,49
metro-00329,2026-03-26T08:15:00Z,Station-09,Green Line,55
metro-00330,2026-03-26T08:45:00Z,Station-10,Red Line,70
metro-00331,2026-03-26T09:00:00Z,Station-01,Orange Line,53
metro-00332,2026-03-26T09:15:00Z,Station-02,Green Line,36
metro-00333,2026-03-26T09:30:00Z,Station-03,Red Line,76
metro-00334,2026-03-26T09:45:00Z,Station-04,Orange Line,72
metro-00335,2026-03-26T09:45:00Z,Station-05,Red Line,33
metro-00336,2026-03-26T09:00:00Z,Station-06,Blue Line,65
metro-00337,2026-03-26T09:15:00Z,Station-07,Green Line,77
metro-00338,2026-03-26T09:30:00Z,Station-08,Green Line,53
metro-00339,2026-03-26T09:45:00Z,Station-09,Orange Line,80
metro-00340,2026-03-26T09:15:00Z,Station-10,Blue Line,75
metro-00341,2026-03-26T10:30:00Z,Station-01,Blue Line,61
metro-00342,2026-03-26T10:15:00Z,Station-02,Green Line,80
metro-00343,2026-03-26T10:15:00Z,Station-03,Blue Line,43
metro-00344,2026-03-26T10:30:00Z,Station-04,Orange Line,51
metro-00345,2026-03-26T10:30:00Z,Station-05,Red Line,71
metro-00346,2026-03-26T10:15:00Z,Station-06,Green Line,91
metro-00347,2026-03-26T10:15:00Z,Station-07,Green Line,79
metro-00348,2026-03-26T10:15:00Z,Station-08,Blue Line,81
metro-00349,2026-03-26T10:15:00Z,Station-09,Blue Line,73
metro-00350,2026-03-26T10:30:00Z,Station-10,Red Line,58
metro-00351,2026-03-26T11:00:00Z,Station-01,Orange Line,77
metro-00352,2026-03-26T11:30:00Z,Station-02,Red Line,92
metro-00353,2026-03-26T11:30:00Z,Station-03,Orange Line,71
metro-00354,2026-03-26T11:00:00Z,Station-04,Green Line,92
metro-00355,2026-03-26T11:30:00Z,Station-05,Green Line,58
metro-00356,2026-03-26T11:00:00Z,Station-06,Blue Line,69
metro-00357,2026-03-26T11:00:00Z,Station-07,Red Line,44
metro-00358,2026-03-26T11:45:00Z,Station-08,Orange Line,51
metro-00359,2026-03-26T11:00:00Z,Station-09,Blue Line,72
metro-00360,2026-03-26T11:15:00Z,Station-10,Green Line,34
metro-00361,2026-03-26T12:00:00Z,Station-01,Green Line,56
metro-00362,2026-03-26T12:45:00Z,Station-02,Green Line,41
metro-00363,2026-03-26T12:30:00Z,Station-03,Green Line,88
metro-00364,2026-03-26T12:00:00Z,Station-04,Green Line,71
metro-00365,2026-03-26T12:15:00Z,Station-05,Red Line,57
metro-00366,2026-03-26T12:15:00Z,Station-06,Green Line,57
metro-00367,2026-03-26T12:45:00Z,Station-07,Orange Line,42
metro-00368,2026-03-26T12:15:00Z,Station-08,Orange Line,87
metro-00369,2026-03-26T12:30:00Z,Station-09,Red Line,32
metro-00370,2026-03-26T12:30:00Z,Station-10,Blue Line,43
metro-00371,2026-03-26T13:30:00Z,Station-01,Red Line,34
metro-00372,2026-03-26T13:30:00Z,Station-02,Blue Line,88
metro-00373,2026-03-26T13:45:00Z,Station-03,Red Line,90
metro-00374,2026-03-26T13:00:00Z,Station-04,Blue Line,91
metro-00375,2026-03-26T13:00:00Z,Station-05,Green Line,76
metro-00376,2026-03-26T13:15:00Z,Station-06,Blue Line,95
metro-00377,2026-03-26T13:30:00Z,Station-07,Orange Line,50
metro-00378,2026-03-26T13:15:00Z,Station-08,Green Line,84
metro-00379,2026-03-26T13:45:00Z,Station-09,Red Line,71
metro-00380,2026-03-26T13:45:00Z,Station-10,Orange Line,86
metro-00381,2026-03-26T14:30:00Z,Station-01,Green Line,51
metro-00382,2026-03-26T14:15:00Z,Station-02,Orange Line,73
metro-00383,2026-03-26T14:30:00Z,Station-03,Green Line,73
metro-00384,2026-03-26T14:45:00Z,Station-04,Green Line,70
metro-00385,2026-03-26T14:30:00Z,Station-05,Blue Line,94
metro-00386,2026-03-26T14:15:00Z,Station-06,Green Line,45
metro-00387,2026-03-26T14:00:00Z,Station-07,Orange Line,72
metro-00388,2026-03-26T14:00:00Z,Station-08,Blue Line,30
metro-00389,2026-03-26T14:00:00Z,Station-09,Red Line,49
metro-00390,2026-03-26T14:30:00Z,Station-10,Green Line,59
metro-00391,2026-03-26T15:15:00Z,Station-01,Red Line,60
metro-00392,2026-03-26T15:15:00Z,Station-02,Red Line,71
metro-00393,2026-03-26T15:30:00Z,Station-03,Red Line,56
metro-00394,2026-03-26T15:00:00Z,Station-04,Green Line,73
metro-00395,2026-03-26T15:45:00Z,Station-05,Red Line,56
metro-00396,2026-03-26T15:45:00Z,Station-06,Blue Line,42
metro-00397,2026-03-26T15:30:00Z,Station-07,Green Line,66
metro-00398,2026-03-26T15:45:00Z,Station-08,Orange Line,92
metro-00399,2026-03-26T15:15:00Z,Station-09,Orange Line,58
metro-00400,2026-03-26T15:45:00Z,Station-10,Orange Line,86
metro-00401,2026-03-26T16:30:00Z,Station-01,Orange Line,49
metro-00402,2026-03-26T16:00:00Z,Station-02,Blue Line,76
metro-00403,2026-03-26T16:15:00Z,Station-03,Green Line,66
metro-00404,2026-03-26T16:15:00Z,Station-04,Red Line,57
metro-00405,2026-03-26T16:15:00Z,Station-05,Red Line,47
metro-00406,2026-03-26T16:15:00Z,Station-06,Red Line,46
metro-00407,2026-03-26T16:15:00Z,Station-07,Blue Line,30
metro-00408,2026-03-26T16:30:00Z,Station-08,Red Line,37
metro-00409,2026-03-26T16:45:00Z,Station-09,Red Line,41
metro-00410,2026-03-26T16:15:00Z,Station-10,Orange Line,63
metro-00411,2026-03-26T17:45:00Z,Station-01,Blue Line,56
metro-00412,2026-03-26T17:45:00Z,Station-02,Green Line,33
metro-00413,2026-03-26T17:15:00Z,Station-03,Orange Line,81
metro-00414,2026-03-26T17:00:00Z,Station-04,Orange Line,52
metro-00415,2026-03-26T17:15:00Z,Station-05,Green Line,91
metro-00416,2026-03-26T17:45:00Z,Station-06,Green Line,63
metro-00417,2026-03-26T17:30:00Z,Station-07,Green Line,91
metro-00418,2026-03-26T17:15:00Z,Station-08,Orange Line,49
metro-00419,2026-03-26T17:00:00Z,Station-09,Green Line,48
metro-00420,2026-03-26T17:00:00Z,Station-10,Orange Line,78
metro-00421,2026-03-26T18:15:00Z,Station-01,Red Line,80
metro-00422,2026-03-26T18:00:00Z,Station-02,Blue Line,86
metro-00423,2026-03-26T18:00:00Z,Station-03,Orange Line,52
metro-00424,2026-03-26T18:00:00Z,Station-04,Orange Line,57
metro-00425,2026-03-26T18:15:00Z,Station-05,Orange Line,57
metro-00426,2026-03-26T18:15:00Z,Station-06,Red Line,71
metro-00427,2026-03-26T18:15:00Z,Station-07,Blue Line,49
metro-00428,2026-03-26T18:15:00Z,Station-08,Orange Line,51
metro-00429,2026-03-26T18:00:00Z,Station-09,Orange Line,71
metro-00430,2026-03-26T18:00:00Z,Station-10,Green Line,60
metro-00431,2026-03-26T19:15:00Z,Station-01,Blue Line,51
metro-00432,2026-03-26T19:30:00Z,Station-02,Green Line,61
metro-00433,2026-03-26T19:15:00Z,Station-03,Green Line,69
metro-00434,2026-03-26T19:30:00Z,Station-04,Orange Line,45
metro-00435,2026-03-26T19:45:00Z,Station-05,Orange Line,93
metro-00436,2026-03-26T19:15:00Z,Station-06,Blue Line,80
metro-00437,2026-03-26T19:30:00Z,Station-07,Blue Line,32
metro-00438,2026-03-26T19:30:00Z,Station-08,Green Line,62
metro-00439,2026-03-26T19:45:00Z,Station-09,Red Line,53
metro-00440,2026-03-26T19:45:00Z,Station-10,Orange Line,30
metro-00441,2026-03-26T20:15:00Z,Station-01,Blue Line,86
metro-00442,2026-03-26T20:00:00Z,Station-02,Blue Line,37
metro-00443,2026-03-26T20:30:00Z,Station-03,Blue Line,89
metro-00444,2026-03-26T20:45:00Z,Station-04,Red Line,57
metro-00445,2026-03-26T20:45:00Z,Station-05,Green Line,47
metro-00446,2026-03-26T20:15:00Z,Station-06,Blue Line,49
metro-00447,2026-03-26T20:00:00Z,Station-07,Red Line,47
metro-00448,2026-03-26T20:30:00Z,Station-08,Orange Line,36
metro-00449,2026-03-26T20:15:00Z,Station-09,Blue Line,34
metro-00450,2026-03-26T20:00:00Z,Station-10,Green Line,92
metro-00451,2026-03-26T21:45:00Z,Station-01,Orange Line,74
metro-00452,2026-03-26T21:15:00Z,Station-02,Green Line,95
metro-00453,2026-03-26T21:30:00Z,Station-03,Blue Line,60
metro-00454,2026-03-26T21:45:00Z,Station-04,Red Line,35
metro-00455,2026-03-26T21:15:00Z,Station-05,Red Line,65
metro-00456,2026-03-26T21:30:00Z,Station-06,Blue Line,79
metro-00457,2026-03-26T21:00:00Z,Station-07,Green Line,44
metro-00458,2026-03-26T21:45:00Z,Station-08,Red Line,74
metro-00459,2026-03-26T21:15:00Z,Station-09,Blue Line,41
metro-00460,2026-03-26T21:00:00Z,Station-10,Blue Line,51
metro-00461,2026-03-26T22:30:00Z,Station-01,Red Line,41
metro-00462,2026-03-26T22:30:00Z,Station-02,Blue Line,91
metro-00463,2026-03-26T22:30:00Z,Station-03,Blue Line,37
metro-00464,2026-03-26T22:15:00Z,Station-04,Red Line,83
metro-00465,2026-03-26T22:45:00Z,Station-05,Red Line,56
metro-00466,2026-03-26T22:45:00Z,Station-06,Red Line,44
metro-00467,2026-03-26T22:15:00Z,Station-07,Orange Line,36
metro-00468,2026-03-26T22:15:00Z,Station-08,Blue Line,44
metro-00469,2026-03-26T22:15:00Z,Station-09,Blue Line,45
metro-00470,2026-03-26T22:45:00Z,Station-10,Orange Line,89
metro-00471,2026-03-26T23:15:00Z,Station-01,Red Line,44
metro-00472,2026-03-26T23:00:00Z,Station-02,Red Line,44
metro-00473,2026-03-26T23:45:00Z,Station-03,Orange Line,43
metro-00474,2026-03-26T23:15:00Z,Station-04,Blue Line,35
metro-00475,2026-03-26T23:00:00Z,Station-05,Red Line,87
metro-00476,2026-03-26T23:15:00Z,Station-06,Green Line,86
metro-00477,2026-03-26T23:15:00Z,Station-07,Blue Line,57
metro-00478,2026-03-26T23:00:00Z,Station-08,Green Line,54
metro-00479,2026-03-26T23:45:00Z,Station-09,Orange Line,73
metro-00480,2026-03-26T23:15:00Z,Station-10,Red Line,52
metro-00481,2026-03-27T00:45:00Z,Station-01,Green Line,43
metro-00482,2026-03-27T00:15:00Z,Station-02,Green Line,52
metro-00483,2026-03-27T00:00:00Z,Station-03,Red Line,66
metro-00484,2026-03-27T00:00:00Z,Station-04,Orange Line,47
metro-00485,2026-03-27T00:30:00Z,Station-05,Red Line,71
metro-00486,2026-03-27T00:15:00Z,Station-06,Blue Line,66
metro-00487,2026-03-27T00:45:00Z,Station-07,Blue Line,32
metro-00488,2026-03-27T00:15:00Z,Station-08,Green Line,74
metro-00489,2026-03-27T00:45:00Z,Station-09,Red Line,30
metro-00490,2026-03-27T00:15:00Z,Station-10,Green Line,46
metro-00491,2026-03-27T01:45:00Z,Station-01,Red Line,42
metro-00492,2026-03-27T01:15:00Z,Station-02,Orange Line,45
metro-00493,2026-03-27T01:15:00Z,Station-03,Green Line,54
metro-00494,2026-03-27T01:45:00Z,Station-04,Green Line,71
metro-00495,2026-03-27T01:30:00Z,Station-05,Orange Line,69
metro-00496,2026-03-27T01:15:00Z,Station-06,Blue Line,33
metro-00497,2026-03-27T01:30:00Z,Station-07,Red Line,49
metro-00498,2026-03-27T01:00:00Z,Station-08,Blue Line,91
metro-00499,2026-03-27T01:00:00Z,Station-09,Orange Line,45
metro-00500,2026-03-27T01:30:00Z,Station-10,Blue Line,91
metro-00501,2026-03-27T02:15:00Z,Station-01,Orange Line,65
metro-00502,2026-03-27T02:00:00Z,Station-02,Blue Line,37
metro-00503,2026-03-27T02:45:00Z,Station-03,Red Line,85
metro-00504,2026-03-27T02:45:00Z,Station-04,Red Line,82
metro-00505,2026-03-27T02:15:00Z,Station-05,Blue Line,46
metro-00506,2026-03-27T02:30:00Z,Station-06,Red Line,73
metro-00507,2026-03-27T02:30:00Z,Station-07,Green Line,50
metro-00508,2026-03-27T02:00:00Z,Station-08,Blue Line,66
metro-00509,2026-03-27T02:00:00Z,Station-09,Blue Line,37
metro-00510,2026-03-27T02:00:00Z,Station-10,Red Line,76
metro-00511,2026-03-27T03:45:00Z,Station-01,Orange Line,87
metro-00512,2026-03-27T03:30:00Z,Station-02,Orange Line,69
metro-00513,2026-03-27T03:00:00Z,Station-03,Green Line,86
metro-00514,2026-03-27T03:30:00Z,Station-04,Green Line,66
metro-00515,2026-03-27T03:45:00Z,Station-05,Blue Line,61
metro-00516,2026-03-27T03:30:00Z,Station-06,Orange Line,43
metro-00517,2026-03-27T03:15:00Z,Station-07,Green Line,89
metro-00518,2026-03-27T03:45:00Z,Station-08,Red Line,44
metro-00519,2026-03-27T03:00:00Z,Station-09,Red Line,45
metro-00520,2026-03-27T03:00:00Z,Station-10,Red Line,56
metro-00521,2026-03-27T04:00:00Z,Station-01,Orange Line,59
metro-00522,2026-03-27T04:00:00Z,Station-02,Orange Line,81
metro-00523,2026-03-27T04:30:00Z,Station-03,Red Line,92
metro-00524,2026-03-27T04:15:00Z,Station-04,Orange Line,35
metro-00525,2026-03-27T04:00:00Z,Station-05,Red Line,76
metro-00526,2026-03-27T04:45:00Z,Station-06,Red Line,48
metro-00527,2026-03-27T04:00:00Z,Station-07,Red Line,73
metro-00528,2026-03-27T04:00:00Z,Station-08,Orange Line,40
metro-00529,2026-03-27T04:15:00Z,Station-09,Red Line,82
metro-00530,2026-03-27T04:45:00Z,Station-10,Red Line,61
metro-00531,2026-03-27T05:00:00Z,Station-01,Orange Line,59
metro-00532,2026-03-27T05:30:00Z,Station-02,Red Line,36
metro-00533,2026-03-27T05:30:00Z,Station-03,Green Line,65
metro-00534,2026-03-27T05:45:00Z,Station-04,Green Line,55
metro-00535,2026-03-27T05:45:00Z,Station-05,Blue Line,44
metro-00536,2026-03-27T05:15:00Z,Station-06,Red Line,32
metro-00537,2026-03-27T05:45:00Z,Station-07,Blue Line,74
metro-00538,2026-03-27T05:30:00Z,Station-08,Orange Line,84
metro-00539,2026-03-27T05:45:00Z,Station-09,Green Line,93
metro-00540,2026-03-27T05:00:00Z,Station-10,Blue Line,45
metro-00541,2026-03-27T06:00:00Z,Station-01,Green Line,55
metro-00542,2026-03-27T06:15:00Z,Station-02,Orange Line,50
metro-00543,2026-03-27T06:45:00Z,Station-03,Green Line,85
metro-00544,2026-03-27T06:45:00Z,Station-04,Orange Line,49
metro-00545,2026-03-27T06:00:00Z,Station-05,Green Line,38
metro-00546,2026-03-27T06:15:00Z,Station-06,Blue Line,90
metro-00547,2026-03-27T06:00:00Z,Station-07,Red Line,37
metro-00548,2026-03-27T06:30:00Z,Station-08,Orange Line,83
metro-00549,2026-03-27T06:45:00Z,Station-09,Red Line,69
metro-00550,2026-03-27T06:30:00Z,Station-10,Red Line,38
metro-00551,2026-03-27T07:00:00Z,Station-01,Red Line,87
metro-00552,2026-03-27T07:45:00Z,Station-02,Orange Line,45
metro-00553,2026-03-27T07:30:00Z,Station-03,Red Line,32
metro-00554,2026-03-27T07:30:00Z,Station-04,Blue Line,38
metro-00555,2026-03-27T07:30:00Z,Station-05,Red Line,70
metro-00556,2026-03-27T07:15:00Z,Station-06,Red Line,70
metro-00557,2026-03-27T07:15:00Z,Station-07,Red Line,62
metro-00558,2026-03-27T07:00:00Z,Station-08,Green Line,93
metro-00559,2026-03-27T07:45:00Z,Station-09,Orange Line,58
metro-00560,2026-03-27T07:00:00Z,Station-10,Blue Line,89
metro-00561,2026-03-27T08:45:00Z,Station-01,Red Line,83
metro-00562,2026-03-27T08:45:00Z,Station-02,Green Line,43
metro-00563,2026-03-27T08:45:00Z,Station-03,Orange Line,42
metro-00564,2026-03-27T08:15:00Z,Station-04,Blue Line,92
metro-00565,2026-03-27T08:30:00Z,Station-05,Red Line,92
metro-00566,2026-03-27T08:45:00Z,Station-06,Green Line,61
metro-00567,2026-03-27T08:15:00Z,Station-07,Blue Line,71
metro-00568,2026-03-27T08:45:00Z,Station-08,Blue Line,56
metro-00569,2026-03-27T08:30:00Z,Station-09,Red Line,87
metro-00570,2026-03-27T08:00:00Z,Station-10,Red Line,63
metro-00571,2026-03-27T09:15:00Z,Station-01,Orange Line,47
metro-00572,2026-03-27T09:00:00Z,Station-02,Blue Line,89
metro-00573,2026-03-27T09:00:00Z,Station-03,Orange Line,51
metro-00574,2026-03-27T09:00:00Z,Station-04,Red Line,82
metro-00575,2026-03-27T09:00:00Z,Station-05,Blue Line,33
metro-00576,2026-03-27T09:30:00Z,Station-06,Red Line,40
metro-00577,2026-03-27T09:15:00Z,Station-07,Green Line,95
metro-00578,2026-03-27T09:45:00Z,Station-08,Blue Line,44
metro-00579,2026-03-27T09:00:00Z,Station-09,Orange Line,32
metro-00580,2026-03-27T09:30:00Z,Station-10,Red Line,39
metro-00581,2026-03-27T10:45:00Z,Station-01,Green Line,68
metro-00582,2026-03-27T10:15:00Z,Station-02,Blue Line,45
metro-00583,2026-03-27T10:45:00Z,Station-03,Green Line,95
metro-00584,2026-03-27T10:15:00Z,Station-04,Orange Line,94
metro-00585,2026-03-27T10:30:00Z,Station-05,Orange Line,31
metro-00586,2026-03-27T10:15:00Z,Station-06,Red Line,33
metro-00587,2026-03-27T10:30:00Z,Station-07,Red Line,83
metro-00588,2026-03-27T10:45:00Z,Station-08,Green Line,90
metro-00589,2026-03-27T10:00:00Z,Station-09,Blue Line,54
metro-00590,2026-03-27T10:45:00Z,Station-10,Red Line,68
metro-00591,2026-03-27T11:45:00Z,Station-01,Red Line,40
metro-00592,2026-03-27T11:15:00Z,Station-02,Orange Line,64
metro-00593,2026-03-27T11:15:00Z,Station-03,Orange Line,94
metro-00594,2026-03-27T11:15:00Z,Station-04,Orange Line,80
metro-00595,2026-03-27T11:45:00Z,Station-05,Red Line,64
metro-00596,2026-03-27T11:00:00Z,Station-06,Green Line,59
metro-00597,2026-03-27T11:00:00Z,Station-07,Green Line,41
metro-00598,2026-03-27T11:45:00Z,Station-08,Red Line,75
metro-00599,2026-03-27T11:45:00Z,Station-09,Red Line,93
metro-00600,2026-03-27T11:15:00Z,Station-10,Blue Line,92
metro-00601,2026-03-27T12:30:00Z,Station-01,Blue Line,72
metro-00602,2026-03-27T12:45:00Z,Station-02,Green Line,43
metro-00603,2026-03-27T12:45:00Z,Station-03,Orange Line,53
metro-00604,2026-03-27T12:30:00Z,Station-04,Red Line,83
metro-00605,2026-03-27T12:30:00Z,Station-05,Orange Line,79
metro-00606,2026-03-27T12:15:00Z,Station-06,Green Line,84
metro-00607,2026-03-27T12:00:00Z,Station-07,Green Line,87
metro-00608,2026-03-27T12:30:00Z,Station-08,Blue Line,38
metro-00609,2026-03-27T12:45:00Z,Station-09,Red Line,49
metro-00610,2026-03-27T12:30:00Z,Station-10,Red Line,79
metro-00611,2026-03-27T13:15:00Z,Station-01,Blue Line,75
metro-00612,2026-03-27T13:15:00Z,Station-02,Orange Line,65
metro-00613,2026-03-27T13:15:00Z,Station-03,Red Line,94
metro-00614,2026-03-27T13:15:00Z,Station-04,Green Line,81
metro-00615,2026-03-27T13:15:00Z,Station-05,Red Line,85
metro-00616,2026-03-27T13:15:00Z,Station-06,Green Line,80
metro-00617,2026-03-27T13:45:00Z,Station-07,Blue Line,86
metro-00618,2026-03-27T13:00:00Z,Station-08,Orange Line,32
metro-00619,2026-03-27T13:00:00Z,Station-09,Red Line,68
metro-00620,2026-03-27T13:00:00Z,Station-10,Blue Line,44
metro-00621,2026-03-27T14:15:00Z,Station-01,Green Line,50
metro-00622,2026-03-27T14:15:00Z,Station-02,Orange Line,43
metro-00623,2026-03-27T14:15:00Z,Station-03,Blue Line,90
metro-00624,2026-03-27T14:45:00Z,Station-04,Red Line,73
metro-00625,2026-03-27T14:15:00Z,Station-05,Blue Line,35
metro-00626,2026-03-27T14:30:00Z,Station-06,Green Line,95
metro-00627,2026-03-27T14:00:00Z,Station-07,Orange Line,72
metro-00628,2026-03-27T14:00:00Z,Station-08,Blue Line,76
metro-00629,2026-03-27T14:30:00Z,Station-09,Green Line,93
metro-00630,2026-03-27T14:15:00Z,Station-10,Green Line,45
metro-00631,2026-03-27T15:00:00Z,Station-01,Orange Line,70
metro-00632,2026-03-27T15:00:00Z,Station-02,Blue Line,67
metro-00633,2026-03-27T15:30:00Z,Station-03,Red Line,83
metro-00634,2026-03-27T15:45:00Z,Station-04,Red Line,90
metro-00635,2026-03-27T15:45:00Z,Station-05,Red Line,46
metro-00636,2026-03-27T15:30:00Z,Station-06,Red Line,30
metro-00637,2026-03-27T15:45:00Z,Station-07,Orange Line,48
metro-00638,2026-03-27T15:00:00Z,Station-08,Green Line,40
metro-00639,2026-03-27T15:45:00Z,Station-09,Green Line,82
metro-00640,2026-03-27T15:00:00Z,Station-10,Blue Line,71
metro-00641,2026-03-27T16:15:00Z,Station-01,Orange Line,78
metro-00642,2026-03-27T16:30:00Z,Station-02,Orange Line,61
metro-00643,2026-03-27T16:45:00Z,Station-03,Orange Line,69
metro-00644,2026-03-27T16:45:00Z,Station-04,Green Line,41
metro-00645,2026-03-27T16:30:00Z,Station-05,Green Line,63
metro-00646,2026-03-27T16:30:00Z,Station-06,Red Line,44
metro-00647,2026-03-27T16:00:00Z,Station-07,Blue Line,53
metro-00648,2026-03-27T16:00:00Z,Station-08,Orange Line,76
metro-00649,2026-03-27T16:15:00Z,Station-09,Orange Line,35
metro-00650,2026-03-27T16:30:00Z,Station-10,Red Line,39
metro-00651,2026-03-27T17:45:00Z,Station-01,Red Line,84
metro-00652,2026-03-27T17:00:00Z,Station-02,Blue Line,80
metro-00653,2026-03-27T17:15:00Z,Station-03,Orange Line,70
metro-00654,2026-03-27T17:15:00Z,Station-04,Orange Line,46
metro-00655,2026-03-27T17:00:00Z,Station-05,Green Line,71
metro-00656,2026-03-27T17:30:00Z,Station-06,Red Line,78
metro-00657,2026-03-27T17:45:00Z,Station-07,Red Line,36
metro-00658,2026-03-27T17:00:00Z,Station-08,Green Line,47
metro-00659,2026-03-27T17:30:00Z,Station-09,Green Line,52
metro-00660,2026-03-27T17:00:00Z,Station-10,Green Line,78
metro-00661,2026-03-27T18:45:00Z,Station-01,Green Line,85
metro-00662,2026-03-27T18:45:00Z,Station-02,Orange Line,82
metro-00663,2026-03-27T18:00:00Z,Station-03,Green Line,85
metro-00664,2026-03-27T18:30:00Z,Station-04,Blue Line,31
metro-00665,2026-03-27T18:30:00Z,Station-05,Green Line,84
metro-00666,2026-03-27T18:30:00Z,Station-06,Orange Line,86
metro-00667,2026-03-27T18:30:00Z,Station-07,Red Line,87
metro-00668,2026-03-27T18:30:00Z,Station-08,Green Line,58
metro-00669,2026-03-27T18:15:00Z,Station-09,Red Line,84
metro-00670,2026-03-27T18:15:00Z,Station-10,Blue Line,77
metro-00671,2026-03-27T19:30:00Z,Station-01,Orange Line,78
metro-00672,2026-03-27T19:15:00Z,Station-02,Blue Line,83
metro-00673,2026-03-27T19:30:00Z,Station-03,Green Line,36
metro-00674,2026-03-27T19:00:00Z,Station-04,Orange Line,72
metro-00675,2026-03-27T19:30:00Z,Station-05,Blue Line,36
metro-00676,2026-03-27T19:00:00Z,Station-06,Orange Line,50
metro-00677,2026-03-27T19:15:00Z,Station-07,Red Line,52
metro-00678,2026-03-27T19:15:00Z,Station-08,Green Line,53
metro-00679,2026-03-27T19:45:00Z,Station-09,Orange Line,91
metro-00680,2026-03-27T19:45:00Z,Station-10,Green Line,81
metro-00681,2026-03-27T20:15:00Z,Station-01,Green Line,38
metro-00682,2026-03-27T20:45:00Z,Station-02,Red Line,43
metro-00683,2026-03-27T20:00:00Z,Station-03,Blue Line,65
metro-00684,2026-03-27T20:00:00Z,Station-04,Red Line,77
metro-00685,2026-03-27T20:30:00Z,Station-05,Orange Line,37
metro-00686,2026-03-27T20:00:00Z,Station-06,Red Line,43
metro-00687,2026-03-27T20:45:00Z,Station-07,Orange Line,91
metro-00688,2026-03-27T20:45:00Z,Station-08,Blue Line,55
metro-00689,2026-03-27T20:00:00Z,Station-09,Blue Line,75
metro-00690,2026-03-27T20:45:00Z,Station-10,Red Line,64
metro-00691,2026-03-27T21:45:00Z,Station-01,Blue Line,82
metro-00692,2026-03-27T21:30:00Z,Station-02,Blue Line,84
metro-00693,2026-03-27T21:00:00Z,Station-03,Blue Line,44
metro-00694,2026-03-27T21:15:00Z,Station-04,Red Line,56
metro-00695,2026-03-27T21:30:00Z,Station-05,Blue Line,91
metro-00696,2026-03-27T21:30:00Z,Station-06,Blue Line,85
metro-00697,2026-03-27T21:30:00Z,Station-07,Orange Line,36
metro-00698,2026-03-27T21:45:00Z,Station-08,Green Line,51
metro-00699,2026-03-27T21:30:00Z,Station-09,Green Line,95
metro-00700,2026-03-27T21:15:00Z,Station-10,Green Line,46
metro-00701,2026-03-27T22:00:00Z,Station-01,Blue Line,94
metro-00702,2026-03-27T22:30:00Z,Station-02,Green Line,76
metro-00703,2026-03-27T22:30:00Z,Station-03,Red Line,34
metro-00704,2026-03-27T22:45:00Z,Station-04,Green Line,69
metro-00705,2026-03-27T22:30:00Z,Station-05,Green Line,89
metro-00706,2026-03-27T22:30:00Z,Station-06,Blue Line,55
metro-00707,2026-03-27T22:00:00Z,Station-07,Red Line,47
metro-00708,2026-03-27T22:15:00Z,Station-08,Blue Line,87
metro-00709,2026-03-27T22:30:00Z,Station-09,Orange Line,40
metro-00710,2026-03-27T22:45:00Z,Station-10,Orange Line,80
metro-00711,2026-03-27T23:15:00Z,Station-01,Blue Line,67
metro-00712,2026-03-27T23:15:00Z,Station-02,Orange Line,51
metro-00713,2026-03-27T23:00:00Z,Station-03,Blue Line,78
metro-00714,2026-03-27T23:15:00Z,Station-04,Red Line,90
metro-00715,2026-03-27T23:30:00Z,Station-05,Red Line,37
metro-00716,2026-03-27T23:00:00Z,Station-06,Orange Line,61
metro-00717,2026-03-27T23:00:00Z,Station-07,Green Line,72
metro-00718,2026-03-27T23:15:00Z,Station-08,Red Line,79
metro-00719,2026-03-27T23:15:00Z,Station-09,Green Line,94
metro-00720,2026-03-27T23:15:00Z,Station-10,Green Line,59
metro-00721,2026-03-28T00:30:00Z,Station-01,Blue Line,69
metro-00722,2026-03-28T00:00:00Z,Station-02,Red Line,94
metro-00723,2026-03-28T00:00:00Z,Station-03,Red Line,95
metro-00724,2026-03-28T00:45:00Z,Station-04,Orange Line,80
metro-00725,2026-03-28T00:30:00Z,Station-05,Red Line,77
metro-00726,2026-03-28T00:30:00Z,Station-06,Blue Line,67
metro-00727,2026-03-28T00:30:00Z,Station-07,Green Line,92
metro-00728,2026-03-28T00:30:00Z,Station-08,Green Line,66
metro-00729,2026-03-28T00:45:00Z,Station-09,Red Line,84
metro-00730,2026-03-28T00:15:00Z,Station-10,Green Line,94
metro-00731,2026-03-28T01:00:00Z,Station-01,Orange Line,88
metro-00732,2026-03-28T01:15:00Z,Station-02,Orange Line,95
metro-00733,2026-03-28T01:00:00Z,Station-03,Red Line,91
metro-00734,2026-03-28T01:30:00Z,Station-04,Blue Line,91
metro-00735,2026-03-28T01:00:00Z,Station-05,Blue Line,84
metro-00736,2026-03-28T01:45:00Z,Station-06,Green Line,84
metro-00737,2026-03-28T01:45:00Z,Station-07,Orange Line,87
metro-00738,2026-03-28T01:15:00Z,Station-08,Red Line,69
metro-00739,2026-03-28T01:30:00Z,Station-09,Orange Line,87
metro-00740,2026-03-28T01:15:00Z,Station-10,Orange Line,56
metro-00741,2026-03-28T02:30:00Z,Station-01,Orange Line,93
metro-00742,2026-03-28T02:15:00Z,Station-02,Green Line,74
metro-00743,2026-03-28T02:15:00Z,Station-03,Red Line,55
metro-00744,2026-03-28T02:45:00Z,Station-04,Green Line,61
metro-00745,2026-03-28T02:30:00Z,Station-05,Blue Line,63
metro-00746,2026-03-28T02:15:00Z,Station-06,Orange Line,60
metro-00747,2026-03-28T02:15:00Z,Station-07,Blue Line,86
metro-00748,2026-03-28T02:00:00Z,Station-08,Blue Line,57
metro-00749,2026-03-28T02:45:00Z,Station-09,Red Line,75
metro-00750,2026-03-28T02:15:00Z,Station-10,Blue Line,61
metro-00751,2026-03-28T03:00:00Z,Station-01,Blue Line,60
metro-00752,2026-03-28T03:15:00Z,Station-02,Red Line,52
metro-00753,2026-03-28T03:00:00Z,Station-03,Red Line,61
metro-00754,2026-03-28T03:15:00Z,Station-04,Blue Line,50
metro-00755,2026-03-28T03:00:00Z,Station-05,Red Line,94
metro-00756,2026-03-28T03:45:00Z,Station-06,Orange Line,77
metro-00757,2026-03-28T03:45:00Z,Station-07,Red Line,52
metro-00758,2026-03-28T03:00:00Z,Station-08,Orange Line,95
metro-00759,2026-03-28T03:45:00Z,Station-09,Red Line,50
metro-00760,2026-03-28T03:00:00Z,Station-10,Green Line,62
metro-00761,2026-03-28T04:30:00Z,Station-01,Orange Line,100
metro-00762,2026-03-28T04:00:00Z,Station-02,Green Line,53
metro-00763,2026-03-28T04:15:00Z,Station-03,Green Line,70
metro-00764,2026-03-28T04:15:00Z,Station-04,Red Line,87
metro-00765,2026-03-28T04:00:00Z,Station-05,Orange Line,67
metro-00766,2026-03-28T04:45:00Z,Station-06,Blue Line,62
metro-00767,2026-03-28T04:30:00Z,Station-07,Green Line,76
metro-00768,2026-03-28T04:30:00Z,Station-08,Red Line,52
metro-00769,2026-03-28T04:00:00Z,Station-09,Blue Line,96
metro-00770,2026-03-28T04:00:00Z,Station-10,Orange Line,98
metro-00771,2026-03-28T05:45:00Z,Station-01,Blue Line,50
metro-00772,2026-03-28T05:30:00Z,Station-02,Green Line,71
metro-00773,2026-03-28T05:45:00Z,Station-03,Orange Line,54
metro-00774,2026-03-28T05:30:00Z,Station-04,Red Line,94
metro-00775,2026-03-28T05:00:00Z,Station-05,Orange Line,77
metro-00776,2026-03-28T05:45:00Z,Station-06,Orange Line,67
metro-00777,2026-03-28T05:00:00Z,Station-07,Red Line,50
metro-00778,2026-03-28T05:45:00Z,Station-08,Green Line,69
metro-00779,2026-03-28T05:00:00Z,Station-09,Red Line,95
metro-00780,2026-03-28T05:15:00Z,Station-10,Green Line,50
metro-00781,2026-03-28T06:45:00Z,Station-01,Green Line,56
metro-00782,2026-03-28T06:45:00Z,Station-02,Green Line,99
metro-00783,2026-03-28T06:45:00Z,Station-03,Red Line,83
metro-00784,2026-03-28T06:00:00Z,Station-04,Green Line,99
metro-00785,2026-03-28T06:15:00Z,Station-05,Orange Line,76
metro-00786,2026-03-28T06:15:00Z,Station-06,Green Line,85
metro-00787,2026-03-28T06:15:00Z,Station-07,Orange Line,84
metro-00788,2026-03-28T06:45:00Z,Station-08,Blue Line,74
metro-00789,2026-03-28T06:45:00Z,Station-09,Red Line,83
metro-00790,2026-03-28T06:15:00Z,Station-10,Orange Line,85
metro-00791,2026-03-28T07:00:00Z,Station-01,Orange Line,83
metro-00792,2026-03-28T07:45:00Z,Station-02,Red Line,73
metro-00793,2026-03-28T07:00:00Z,Station-03,Green Line,87
metro-00794,2026-03-28T07:45:00Z,Station-04,Blue Line,73
metro-00795,2026-03-28T07:45:00Z,Station-05,Red Line,86
metro-00796,2026-03-28T07:45:00Z,Station-06,Orange Line,51
metro-00797,2026-03-28T07:15:00Z,Station-07,Blue Line,51
metro-00798,2026-03-28T07:00:00Z,Station-08,Blue Line,77
metro-00799,2026-03-28T07:30:00Z,Station-09,Orange Line,90
metro-00800,2026-03-28T07:15:00Z,Station-10,Orange Line,50
metro-00801,2026-03-28T08:30:00Z,Station-01,Red Line,85
metro-00802,2026-03-28T08:00:00Z,Station-02,Green Line,58
metro-00803,2026-03-28T08:00:00Z,Station-03,Orange Line,73
metro-00804,2026-03-28T08:30:00Z,Station-04,Green Line,57
metro-00805,2026-03-28T08:45:00Z,Station-05,Orange Line,79
metro-00806,2026-03-28T08:30:00Z,Station-06,Red Line,92
metro-00807,2026-03-28T08:15:00Z,Station-07,Orange Line,68
metro-00808,2026-03-28T08:45:00Z,Station-08,Blue Line,100
metro-00809,2026-03-28T08:00:00Z,Station-09,Red Line,84
metro-00810,2026-03-28T08:15:00Z,Station-10,Green Line,55
metro-00811,2026-03-28T09:45:00Z,Station-01,Blue Line,77
metro-00812,2026-03-28T09:30:00Z,Station-02,Blue Line,60
metro-00813,2026-03-28T09:15:00Z,Station-03,Orange Line,71
metro-00814,2026-03-28T09:00:00Z,Station-04,Orange Line,53
metro-00815,2026-03-28T09:30:00Z,Station-05,Green Line,67
metro-00816,2026-03-28T09:15:00Z,Station-06,Red Line,85
metro-00817,2026-03-28T09:30:00Z,Station-07,Green Line,73
metro-00818,2026-03-28T09:45:00Z,Station-08,Red Line,70
metro-00819,2026-03-28T09:45:00Z,Station-09,Blue Line,50
metro-00820,2026-03-28T09:15:00Z,Station-10,Blue Line,73
metro-00821,2026-03-28T10:45:00Z,Station-01,Red Line,95
metro-00822,2026-03-28T10:00:00Z,Station-02,Red Line,54
metro-00823,2026-03-28T10:45:00Z,Station-03,Blue Line,95
metro-00824,2026-03-28T10:30:00Z,Station-04,Orange Line,67
metro-00825,2026-03-28T10:00:00Z,Station-05,Orange Line,60
metro-00826,2026-03-28T10:15:00Z,Station-06,Blue Line,67
metro-00827,2026-03-28T10:45:00Z,Station-07,Blue Line,82
metro-00828,2026-03-28T10:15:00Z,Station-08,Green Line,96
metro-00829,2026-03-28T10:30:00Z,Station-09,Red Line,53
metro-00830,2026-03-28T10:00:00Z,Station-10,Orange Line,83
metro-00831,2026-03-28T11:15:00Z,Station-01,Blue Line,94
metro-00832,2026-03-28T11:30:00Z,Station-02,Orange Line,65
metro-00833,2026-03-28T11:00:00Z,Station-03,Blue Line,76
metro-00834,2026-03-28T11:00:00Z,Station-04,Orange Line,84
metro-00835,2026-03-28T11:30:00Z,Station-05,Red Line,80
metro-00836,2026-03-28T11:00:00Z,Station-06,Red Line,100
metro-00837,2026-03-28T11:30:00Z,Station-07,Red Line,55
metro-00838,2026-03-28T11:00:00Z,Station-08,Green Line,50
metro-00839,2026-03-28T11:15:00Z,Station-09,Orange Line,56
metro-00840,2026-03-28T11:00:00Z,Station-10,Green Line,61
metro-00841,2026-03-28T12:45:00Z,Station-01,Red Line,97
metro-00842,2026-03-28T12:00:00Z,Station-02,Green Line,64
metro-00843,2026-03-28T12:45:00Z,Station-03,Red Line,86
metro-00844,2026-03-28T12:15:00Z,Station-04,Blue Line,52
metro-00845,2026-03-28T12:00:00Z,Station-05,Orange Line,54
metro-00846,2026-03-28T12:45:00Z,Station-06,Green Line,93
metro-00847,2026-03-28T12:00:00Z,Station-07,Red Line,80
metro-00848,2026-03-28T12:30:00Z,Station-08,Red Line,82
metro-00849,2026-03-28T12:30:00Z,Station-09,Green Line,94
metro-00850,2026-03-28T12:30:00Z,Station-10,Blue Line,91
metro-00851,2026-03-28T13:15:00Z,Station-01,Orange Line,76
metro-00852,2026-03-28T13:15:00Z,Station-02,Orange Line,72
metro-00853,2026-03-28T13:15:00Z,Station-03,Green Line,67
metro-00854,2026-03-28T13:45:00Z,Station-04,Red Line,76
metro-00855,2026-03-28T13:00:00Z,Station-05,Blue Line,80
metro-00856,2026-03-28T13:15:00Z,Station-06,Green Line,84
metro-00857,2026-03-28T13:00:00Z,Station-07,Blue Line,99
metro-00858,2026-03-28T13:00:00Z,Station-08,Red Line,66
metro-00859,2026-03-28T13:30:00Z,Station-09,Red Line,59
metro-00860,2026-03-28T13:30:00Z,Station-10,Orange Line,64
metro-00861,2026-03-28T14:15:00Z,Station-01,Red Line,79
metro-00862,2026-03-28T14:30:00Z,Station-02,Blue Line,100
metro-00863,2026-03-28T14:30:00Z,Station-03,Orange Line,66
metro-00864,2026-03-28T14:15:00Z,Station-04,Green Line,59
metro-00865,2026-03-28T14:45:00Z,Station-05,Red Line,75
metro-00866,2026-03-28T14:30:00Z,Station-06,Orange Line,52
metro-00867,2026-03-28T14:45:00Z,Station-07,Orange Line,62
metro-00868,2026-03-28T14:15:00Z,Station-08,Green Line,69
metro-00869,2026-03-28T14:15:00Z,Station-09,Green Line,61
metro-00870,2026-03-28T14:30:00Z,Station-10,Blue Line,74
metro-00871,2026-03-28T15:30:00Z,Station-01,Orange Line,58
metro-00872,2026-03-28T15:00:00Z,Station-02,Green Line,71
metro-00873,2026-03-28T15:00:00Z,Station-03,Orange Line,78
metro-00874,2026-03-28T15:30:00Z,Station-04,Red Line,75
metro-00875,2026-03-28T15:30:00Z,Station-05,Orange Line,89
metro-00876,2026-03-28T15:30:00Z,Station-06,Green Line,55
metro-00877,2026-03-28T15:30:00Z,Station-07,Orange Line,60
metro-00878,2026-03-28T15:15:00Z,Station-08,Blue Line,96
metro-00879,2026-03-28T15:00:00Z,Station-09,Red Line,84
metro-00880,2026-03-28T15:30:00Z,Station-10,Green Line,56
metro-00881,2026-03-28T16:00:00Z,Station-01,Orange Line,90
metro-00882,2026-03-28T16:30:00Z,Station-02,Red Line,92
metro-00883,2026-03-28T16:00:00Z,Station-03,Blue Line,56
metro-00884,2026-03-28T16:00:00Z,Station-04,Red Line,79
metro-00885,2026-03-28T16:45:00Z,Station-05,Red Line,88
metro-00886,2026-03-28T16:00:00Z,Station-06,Blue Line,71
metro-00887,2026-03-28T16:30:00Z,Station-07,Orange Line,93
metro-00888,2026-03-28T16:45:00Z,Station-08,Red Line,93
metro-00889,2026-03-28T16:15:00Z,Station-09,Blue Line,90
metro-00890,2026-03-28T16:00:00Z,Station-10,Orange Line,95
metro-00891,2026-03-28T17:30:00Z,Station-01,Blue Line,70
metro-00892,2026-03-28T17:30:00Z,Station-02,Red Line,93
metro-00893,2026-03-28T17:15:00Z,Station-03,Red Line,55
metro-00894,2026-03-28T17:15:00Z,Station-04,Blue Line,78
metro-00895,2026-03-28T17:30:00Z,Station-05,Green Line,53
metro-00896,2026-03-28T17:00:00Z,Station-06,Blue Line,76
metro-00897,2026-03-28T17:00:00Z,Station-07,Red Line,70
metro-00898,2026-03-28T17:00:00Z,Station-08,Green Line,63
metro-00899,2026-03-28T17:15:00Z,Station-09,Green Line,91
metro-00900,2026-03-28T17:30:00Z,Station-10,Orange Line,90
metro-00901,2026-03-28T18:30:00Z,Station-01,Red Line,78
metro-00902,2026-03-28T18:30:00Z,Station-02,Red Line,81
metro-00903,2026-03-28T18:00:00Z,Station-03,Orange Line,95
metro-00904,2026-03-28T18:15:00Z,Station-04,Blue Line,79
metro-00905,2026-03-28T18:00:00Z,Station-05,Green Line,95
metro-00906,2026-03-28T18:30:00Z,Station-06,Red Line,64
metro-00907,2026-03-28T18:00:00Z,Station-07,Red Line,50
metro-00908,2026-03-28T18:45:00Z,Station-08,Green Line,93
metro-00909,2026-03-28T18:15:00Z,Station-09,Green Line,99
metro-00910,2026-03-28T18:00:00Z,Station-10,Blue Line,94
metro-00911,2026-03-28T19:00:00Z,Station-01,Red Line,67
metro-00912,2026-03-28T19:30:00Z,Station-02,Blue Line,52
metro-00913,2026-03-28T19:15:00Z,Station-03,Orange Line,52
metro-00914,2026-03-28T19:30:00Z,Station-04,Red Line,54
metro-00915,2026-03-28T19:30:00Z,Station-05,Red Line,64
metro-00916,2026-03-28T19:30:00Z,Station-06,Blue Line,84
metro-00917,2026-03-28T19:30:00Z,Station-07,Green Line,98
metro-00918,2026-03-28T19:15:00Z,Station-08,Green Line,93
metro-00919,2026-03-28T19:30:00Z,Station-09,Blue Line,52
metro-00920,2026-03-28T19:30:00Z,Station-10,Orange Line,54
metro-00921,2026-03-28T20:00:00Z,Station-01,Red Line,76
metro-00922,2026-03-28T20:45:00Z,Station-02,Red Line,91
metro-00923,2026-03-28T20:00:00Z,Station-03,Orange Line,86
metro-00924,2026-03-28T20:45:00Z,Station-04,Red Line,54
metro-00925,2026-03-28T20:45:00Z,Station-05,Orange Line,80
metro-00926,2026-03-28T20:30:00Z,Station-06,Red Line,99
metro-00927,2026-03-28T20:15:00Z,Station-07,Orange Line,82
metro-00928,2026-03-28T20:30:00Z,Station-08,Blue Line,95
metro-00929,2026-03-28T20:15:00Z,Station-09,Blue Line,86
metro-00930,2026-03-28T20:30:00Z,Station-10,Green Line,87
metro-00931,2026-03-28T21:30:00Z,Station-01,Blue Line,51
metro-00932,2026-03-28T21:00:00Z,Station-02,Orange Line,81
metro-00933,2026-03-28T21:45:00Z,Station-03,Orange Line,98
metro-00934,2026-03-28T21:15:00Z,Station-04,Green Line,70
metro-00935,2026-03-28T21:00:00Z,Station-05,Blue Line,60
metro-00936,2026-03-28T21:30:00Z,Station-06,Red Line,54
metro-00937,2026-03-28T21:45:00Z,Station-07,Blue Line,74
metro-00938,2026-03-28T21:30:00Z,Station-08,Green Line,58
metro-00939,2026-03-28T21:45:00Z,Station-09,Blue Line,68
metro-00940,2026-03-28T21:00:00Z,Station-10,Orange Line,84
metro-00941,2026-03-28T22:30:00Z,Station-01,Blue Line,87
metro-00942,2026-03-28T22:00:00Z,Station-02,Blue Line,92
metro-00943,2026-03-28T22:15:00Z,Station-03,Blue Line,100
metro-00944,2026-03-28T22:15:00Z,Station-04,Green Line,71
metro-00945,2026-03-28T22:00:00Z,Station-05,Red Line,50
metro-00946,2026-03-28T22:00:00Z,Station-06,Red Line,91
metro-00947,2026-03-28T22:45:00Z,Station-07,Red Line,72
metro-00948,2026-03-28T22:15:00Z,Station-08,Red Line,90
metro-00949,2026-03-28T22:45:00Z,Station-09,Green Line,65
metro-00950,2026-03-28T22:00:00Z,Station-10,Blue Line,57
metro-00951,2026-03-28T23:00:00Z,Station-01,Orange Line,75
metro-00952,2026-03-28T23:45:00Z,Station-02,Blue Line,100
metro-00953,2026-03-28T23:15:00Z,Station-03,Red Line,68
metro-00954,2026-03-28T23:30:00Z,Station-04,Orange Line,71
metro-00955,2026-03-28T23:45:00Z,Station-05,Green Line,86
metro-00956,2026-03-28T23:15:00Z,Station-06,Red Line,60
metro-00957,2026-03-28T23:45:00Z,Station-07,Green Line,60
metro-00958,2026-03-28T23:45:00Z,Station-08,Red Line,64
metro-00959,2026-03-28T23:15:00Z,Station-09,Orange Line,92
metro-00960,2026-03-28T23:15:00Z,Station-10,Red Line,94
metro-00961,2026-03-29T00:15:00Z,Station-01,Orange Line,73
metro-00962,2026-03-29T00:30:00Z,Station-02,Blue Line,54
metro-00963,2026-03-29T00:30:00Z,Station-03,Orange Line,79
metro-00964,2026-03-29T00:00:00Z,Station-04,Blue Line,50
metro-00965,2026-03-29T00:45:00Z,Station-05,Red Line,55
metro-00966,2026-03-29T00:30:00Z,Station-06,Blue Line,64
metro-00967,2026-03-29T00:00:00Z,Station-07,Blue Line,62
metro-00968,2026-03-29T00:45:00Z,Station-08,Blue Line,56
metro-00969,2026-03-29T00:15:00Z,Station-09,Red Line,72
metro-00970,2026-03-29T00:00:00Z,Station-10,Orange Line,96
metro-00971,2026-03-29T01:00:00Z,Station-01,Green Line,86
metro-00972,2026-03-29T01:00:00Z,Station-02,Orange Line,56
metro-00973,2026-03-29T01:00:00Z,Station-03,Orange Line,63
metro-00974,2026-03-29T01:30:00Z,Station-04,Green Line,85
metro-00975,2026-03-29T01:00:00Z,Station-05,Green Line,86
metro-00976,2026-03-29T01:45:00Z,Station-06,Orange Line,60
metro-00977,2026-03-29T01:00:00Z,Station-07,Orange Line,85
metro-00978,2026-03-29T01:00:00Z,Station-08,Red Line,98
metro-00979,2026-03-29T01:30:00Z,Station-09,Blue Line,80
metro-00980,2026-03-29T01:15:00Z,Station-10,Red Line,85
metro-00981,2026-03-29T02:45:00Z,Station-01,Blue Line,82
metro-00982,2026-03-29T02:45:00Z,Station-02,Blue Line,82
metro-00983,2026-03-29T02:30:00Z,Station-03,Green Line,69
metro-00984,2026-03-29T02:00:00Z,Station-04,Red Line,82
metro-00985,2026-03-29T02:15:00Z,Station-05,Blue Line,96
metro-00986,2026-03-29T02:45:00Z,Station-06,Blue Line,50
metro-00987,2026-03-29T02:00:00Z,Station-07,Blue Line,85
metro-00988,2026-03-29T02:15:00Z,Station-08,Green Line,84
metro-00989,2026-03-29T02:15:00Z,Station-09,Blue Line,58
metro-00990,2026-03-29T02:15:00Z,Station-10,Red Line,66
metro-00991,2026-03-29T03:00:00Z,Station-01,Green Line,67
metro-00992,2026-03-29T03:45:00Z,Station-02,Green Line,91
metro-00993,2026-03-29T03:15:00Z,Station-03,Blue Line,97
metro-00994,2026-03-29T03:00:00Z,Station-04,Red Line,76
metro-00995,2026-03-29T03:30:00Z,Station-05,Blue Line,94
metro-00996,2026-03-29T03:00:00Z,Station-06,Blue Line,97
metro-00997,2026-03-29T03:00:00Z,Station-07,Blue Line,52
metro-00998,2026-03-29T03:15:00Z,Station-08,Red Line,67
metro-00999,2026-03-29T03:15:00Z,Station-09,Blue Line,58
metro-01000,2026-03-29T03:15:00Z,Station-10,Orange Line,81
metro-01001,2026-03-29T04:30:00Z,Station-01,Blue Line,94
metro-01002,2026-03-29T04:00:00Z,Station-02,Blue Line,73
metro-01003,2026-03-29T04:15:00Z,Station-03,Red Line,99
metro-01004,2026-03-29T04:15:00Z,Station-04,Red Line,76
metro-01005,2026-03-29T04:30:00Z,Station-05,Red Line,76
metro-01006,2026-03-29T04:30:00Z,Station-06,Orange Line,62
metro-01007,2026-03-29T04:00:00Z,Station-07,Red Line,72
metro-01008,2026-03-29T04:15:00Z,Station-08,Orange Line,79
metro-01009,2026-03-29T04:45:00Z,Station-09,Green Line,75
metro-01010,2026-03-29T04:00:00Z,Station-10,Blue Line,58
metro-01011,2026-03-29T05:00:00Z,Station-01,Red Line,91
metro-01012,2026-03-29T05:15:00Z,Station-02,Red Line,76
metro-01013,2026-03-29T05:00:00Z,Station-03,Orange Line,69
metro-01014,2026-03-29T05:45:00Z,Station-04,Red Line,60
metro-01015,2026-03-29T05:15:00Z,Station-05,Red Line,100
metro-01016,2026-03-29T05:00:00Z,Station-06,Green Line,65
metro-01017,2026-03-29T05:30:00Z,Station-07,Red Line,89
metro-01018,2026-03-29T05:45:00Z,Station-08,Orange Line,60
metro-01019,2026-03-29T05:15:00Z,Station-09,Red Line,62
metro-01020,2026-03-29T05:00:00Z,Station-10,Orange Line,81
metro-01021,2026-03-29T06:00:00Z,Station-01,Red Line,73
metro-01022,2026-03-29T06:45:00Z,Station-02,Green Line,76
metro-01023,2026-03-29T06:45:00Z,Station-03,Orange Line,98
metro-01024,2026-03-29T06:00:00Z,Station-04,Orange Line,64
metro-01025,2026-03-29T06:45:00Z,Station-05,Blue Line,55
metro-01026,2026-03-29T06:45:00Z,Station-06,Green Line,73
metro-01027,2026-03-29T06:00:00Z,Station-07,Green Line,87
metro-01028,2026-03-29T06:30:00Z,Station-08,Green Line,69
metro-01029,2026-03-29T06:00:00Z,Station-09,Orange Line,77
metro-01030,2026-03-29T06:45:00Z,Station-10,Blue Line,93
metro-01031,2026-03-29T07:30:00Z,Station-01,Blue Line,95
metro-01032,2026-03-29T07:15:00Z,Station-02,Orange Line,72
metro-01033,2026-03-29T07:00:00Z,Station-03,Green Line,91
metro-01034,2026-03-29T07:45:00Z,Station-04,Blue Line,79
metro-01035,2026-03-29T07:15:00Z,Station-05,Blue Line,60
metro-01036,2026-03-29T07:45:00Z,Station-06,Blue Line,77
metro-01037,2026-03-29T07:00:00Z,Station-07,Red Line,68
metro-01038,2026-03-29T07:15:00Z,Station-08,Green Line,63
metro-01039,2026-03-29T07:45:00Z,Station-09,Blue Line,97
metro-01040,2026-03-29T07:30:00Z,Station-10,Green Line,67
metro-01041,2026-03-29T08:15:00Z,Station-01,Red Line,93
metro-01042,2026-03-29T08:00:00Z,Station-02,Orange Line,88
metro-01043,2026-03-29T08:00:00Z,Station-03,Orange Line,59
metro-01044,2026-03-29T08:15:00Z,Station-04,Green Line,95
metro-01045,2026-03-29T08:00:00Z,Station-05,Orange Line,66
metro-01046,2026-03-29T08:15:00Z,Station-06,Blue Line,85
metro-01047,2026-03-29T08:30:00Z,Station-07,Blue Line,58
metro-01048,2026-03-29T08:30:00Z,Station-08,Orange Line,61
metro-01049,2026-03-29T08:30:00Z,Station-09,Red Line,73
metro-01050,2026-03-29T08:15:00Z,Station-10,Blue Line,65
metro-01051,2026-03-29T09:30:00Z,Station-01,Blue Line,52
metro-01052,2026-03-29T09:15:00Z,Station-02,Red Line,55
metro-01053,2026-03-29T09:30:00Z,Station-03,Orange Line,75
metro-01054,2026-03-29T09:00:00Z,Station-04,Green Line,96
metro-01055,2026-03-29T09:30:00Z,Station-05,Green Line,79
metro-01056,2026-03-29T09:45:00Z,Station-06,Green Line,81
metro-01057,2026-03-29T09:30:00Z,Station-07,Orange Line,75
metro-01058,2026-03-29T09:30:00Z,Station-08,Green Line,62
metro-01059,2026-03-29T09:30:00Z,Station-09,Blue Line,77
metro-01060,2026-03-29T09:30:00Z,Station-10,Orange Line,67
metro-01061,2026-03-29T10:45:00Z,Station-01,Orange Line,96
metro-01062,2026-03-29T10:45:00Z,Station-02,Red Line,77
metro-01063,2026-03-29T10:15:00Z,Station-03,Green Line,58
metro-01064,2026-03-29T10:00:00Z,Station-04,Blue Line,71
metro-01065,2026-03-29T10:30:00Z,Station-05,Green Line,51
metro-01066,2026-03-29T10:00:00Z,Station-06,Green Line,89
metro-01067,2026-03-29T10:30:00Z,Station-07,Red Line,71
metro-01068,2026-03-29T10:15:00Z,Station-08,Orange Line,88
metro-01069,2026-03-29T10:15:00Z,Station-09,Green Line,100
metro-01070,2026-03-29T10:30:00Z,Station-10,Orange Line,75
metro-01071,2026-03-29T11:30:00Z,Station-01,Orange Line,61
metro-01072,2026-03-29T11:00:00Z,Station-02,Blue Line,50
metro-01073,2026-03-29T11:45:00Z,Station-03,Green Line,58
metro-01074,2026-03-29T11:15:00Z,Station-04,Green Line,99
metro-01075,2026-03-29T11:00:00Z,Station-05,Green Line,61
metro-01076,2026-03-29T11:45:00Z,Station-06,Red Line,68
metro-01077,2026-03-29T11:00:00Z,Station-07,Green Line,91
metro-01078,2026-03-29T11:15:00Z,Station-08,Blue Line,100
metro-01079,2026-03-29T11:15:00Z,Station-09,Orange Line,57
metro-01080,2026-03-29T11:30:00Z,Station-10,Green Line,69
metro-01081,2026-03-29T12:15:00Z,Station-01,Red Line,78
metro-01082,2026-03-29T12:45:00Z,Station-02,Blue Line,92
metro-01083,2026-03-29T12:45:00Z,Station-03,Blue Line,56
metro-01084,2026-03-29T12:00:00Z,Station-04,Red Line,84
metro-01085,2026-03-29T12:00:00Z,Station-05,Orange Line,83
metro-01086,2026-03-29T12:30:00Z,Station-06,Blue Line,59
metro-01087,2026-03-29T12:00:00Z,Station-07,Red Line,73
metro-01088,2026-03-29T12:45:00Z,Station-08,Red Line,85
metro-01089,2026-03-29T12:30:00Z,Station-09,Green Line,60
metro-01090,2026-03-29T12:15:00Z,Station-10,Green Line,92
metro-01091,2026-03-29T13:30:00Z,Station-01,Blue Line,77
metro-01092,2026-03-29T13:45:00Z,Station-02,Green Line,67
metro-01093,2026-03-29T13:45:00Z,Station-03,Red Line,57
metro-01094,2026-03-29T13:45:00Z,Station-04,Blue Line,91
metro-01095,2026-03-29T13:15:00Z,Station-05,Red Line,94
metro-01096,2026-03-29T13:45:00Z,Station-06,Green Line,97
metro-01097,2026-03-29T13:15:00Z,Station-07,Blue Line,78
metro-01098,2026-03-29T13:45:00Z,Station-08,Orange Line,58
metro-01099,2026-03-29T13:45:00Z,Station-09,Orange Line,93
metro-01100,2026-03-29T13:30:00Z,Station-10,Orange Line,62
metro-01101,2026-03-29T14:15:00Z,Station-01,Orange Line,50
metro-01102,2026-03-29T14:00:00Z,Station-02,Green Line,53
metro-01103,2026-03-29T14:00:00Z,Station-03,Green Line,59
metro-01104,2026-03-29T14:45:00Z,Station-04,Red Line,51
metro-01105,2026-03-29T14:30:00Z,Station-05,Green Line,91
metro-01106,2026-03-29T14:00:00Z,Station-06,Red Line,51
metro-01107,2026-03-29T14:15:00Z,Station-07,Orange Line,93
metro-01108,2026-03-29T14:15:00Z,Station-08,Blue Line,54
metro-01109,2026-03-29T14:30:00Z,Station-09,Blue Line,70
metro-01110,2026-03-29T14:45:00Z,Station-10,Blue Line,57
metro-01111,2026-03-29T15:45:00Z,Station-01,Red Line,88
metro-01112,2026-03-29T15:30:00Z,Station-02,Blue Line,86
metro-01113,2026-03-29T15:00:00Z,Station-03,Blue Line,98
metro-01114,2026-03-29T15:45:00Z,Station-04,Red Line,81
metro-01115,2026-03-29T15:15:00Z,Station-05,Red Line,62
metro-01116,2026-03-29T15:00:00Z,Station-06,Blue Line,74
metro-01117,2026-03-29T15:30:00Z,Station-07,Green Line,95
metro-01118,2026-03-29T15:15:00Z,Station-08,Orange Line,61
metro-01119,2026-03-29T15:00:00Z,Station-09,Blue Line,86
metro-01120,2026-03-29T15:45:00Z,Station-10,Blue Line,72
metro-01121,2026-03-29T16:15:00Z,Station-01,Green Line,89
metro-01122,2026-03-29T16:30:00Z,Station-02,Blue Line,65
metro-01123,2026-03-29T16:15:00Z,Station-03,Blue Line,59
metro-01124,2026-03-29T16:45:00Z,Station-04,Blue Line,94
metro-01125,2026-03-29T16:15:00Z,Station-05,Blue Line,50
metro-01126,2026-03-29T16:30:00Z,Station-06,Green Line,80
metro-01127,2026-03-29T16:15:00Z,Station-07,Green Line,64
metro-01128,2026-03-29T16:15:00Z,Station-08,Blue Line,77
metro-01129,2026-03-29T16:45:00Z,Station-09,Red Line,82
metro-01130,2026-03-29T16:30:00Z,Station-10,Red Line,80
metro-01131,2026-03-29T17:45:00Z,Station-01,Red Line,53
metro-01132,2026-03-29T17:45:00Z,Station-02,Red Line,82
metro-01133,2026-03-29T17:15:00Z,Station-03,Orange Line,88
metro-01134,2026-03-29T17:45:00Z,Station-04,Red Line,98
metro-01135,2026-03-29T17:15:00Z,Station-05,Blue Line,74
metro-01136,2026-03-29T17:00:00Z,Station-06,Red Line,50
metro-01137,2026-03-29T17:45:00Z,Station-07,Red Line,59
metro-01138,2026-03-29T17:45:00Z,Station-08,Red Line,72
metro-01139,2026-03-29T17:15:00Z,Station-09,Blue Line,95
metro-01140,2026-03-29T17:00:00Z,Station-10,Orange Line,92
metro-01141,2026-03-29T18:45:00Z,Station-01,Green Line,84
metro-01142,2026-03-29T18:30:00Z,Station-02,Orange Line,80
metro-01143,2026-03-29T18:15:00Z,Station-03,Green Line,78
metro-01144,2026-03-29T18:30:00Z,Station-04,Blue Line,59
metro-01145,2026-03-29T18:15:00Z,Station-05,Blue Line,94
metro-01146,2026-03-29T18:15:00Z,Station-06,Blue Line,60
metro-01147,2026-03-29T18:00:00Z,Station-07,Red Line,98
metro-01148,2026-03-29T18:30:00Z,Station-08,Green Line,59
metro-01149,2026-03-29T18:30:00Z,Station-09,Blue Line,95
metro-01150,2026-03-29T18:15:00Z,Station-10,Blue Line,96
metro-01151,2026-03-29T19:30:00Z,Station-01,Orange Line,53
metro-01152,2026-03-29T19:45:00Z,Station-02,Blue Line,89
metro-01153,2026-03-29T19:30:00Z,Station-03,Blue Line,73
metro-01154,2026-03-29T19:00:00Z,Station-04,Orange Line,65
metro-01155,2026-03-29T19:45:00Z,Station-05,Blue Line,54
metro-01156,2026-03-29T19:00:00Z,Station-06,Red Line,67
metro-01157,2026-03-29T19:45:00Z,Station-07,Orange Line,67
metro-01158,2026-03-29T19:00:00Z,Station-08,Blue Line,50
metro-01159,2026-03-29T19:45:00Z,Station-09,Green Line,64
metro-01160,2026-03-29T19:30:00Z,Station-10,Red Line,91
metro-01161,2026-03-29T20:30:00Z,Station-01,Blue Line,50
metro-01162,2026-03-29T20:00:00Z,Station-02,Blue Line,99
metro-01163,2026-03-29T20:45:00Z,Station-03,Blue Line,75
metro-01164,2026-03-29T20:00:00Z,Station-04,Green Line,92
metro-01165,2026-03-29T20:45:00Z,Station-05,Blue Line,86
metro-01166,2026-03-29T20:45:00Z,Station-06,Green Line,74
metro-01167,2026-03-29T20:00:00Z,Station-07,Green Line,96
metro-01168,2026-03-29T20:30:00Z,Station-08,Orange Line,52
metro-01169,2026-03-29T20:30:00Z,Station-09,Green Line,66
metro-01170,2026-03-29T20:00:00Z,Station-10,Blue Line,90
metro-01171,2026-03-29T21:00:00Z,Station-01,Green Line,55
metro-01172,2026-03-29T21:45:00Z,Station-02,Green Line,54
metro-01173,2026-03-29T21:00:00Z,Station-03,Green Line,71
metro-01174,2026-03-29T21:45:00Z,Station-04,Green Line,51
metro-01175,2026-03-29T21:00:00Z,Station-05,Orange Line,87
metro-01176,2026-03-29T21:15:00Z,Station-06,Green Line,78
metro-01177,2026-03-29T21:45:00Z,Station-07,Green Line,61
metro-01178,2026-03-29T21:00:00Z,Station-08,Orange Line,50
metro-01179,2026-03-29T21:15:00Z,Station-09,Red Line,66
metro-01180,2026-03-29T21:15:00Z,Station-10,Orange Line,60
metro-01181,2026-03-29T22:00:00Z,Station-01,Red Line,89
metro-01182,2026-03-29T22:45:00Z,Station-02,Red Line,58
metro-01183,2026-03-29T22:00:00Z,Station-03,Blue Line,69
metro-01184,2026-03-29T22:00:00Z,Station-04,Blue Line,86
metro-01185,2026-03-29T22:15:00Z,Station-05,Orange Line,89
metro-01186,2026-03-29T22:45:00Z,Station-06,Orange Line,84
metro-01187,2026-03-29T22:45:00Z,Station-07,Orange Line,52
metro-01188,2026-03-29T22:45:00Z,Station-08,Blue Line,54
metro-01189,2026-03-29T22:15:00Z,Station-09,Orange Line,81
metro-01190,2026-03-29T22:45:00Z,Station-10,Blue Line,55
metro-01191,2026-03-29T23:15:00Z,Station-01,Blue Line,78
metro-01192,2026-03-29T23:45:00Z,Station-02,Red Line,79
metro-01193,2026-03-29T23:30:00Z,Station-03,Orange Line,91
metro-01194,2026-03-29T23:45:00Z,Station-04,Green Line,65
metro-01195,2026-03-29T23:15:00Z,Station-05,Green Line,62
metro-01196,2026-03-29T23:00:00Z,Station-06,Red Line,90
metro-01197,2026-03-29T23:45:00Z,Station-07,Green Line,69
metro-01198,2026-03-29T23:15:00Z,Station-08,Red Line,82
metro-01199,2026-03-29T23:30:00Z,Station-09,Blue Line,64
metro-01200,2026-03-29T23:00:00Z,Station-10,Blue Line,52
metro-01201,2026-03-30T00:15:00Z,Station-01,Red Line,38
metro-01202,2026-03-30T00:30:00Z,Station-02,Red Line,74
metro-01203,2026-03-30T00:45:00Z,Station-03,Orange Line,64
metro-01204,2026-03-30T00:30:00Z,Station-04,Orange Line,66
metro-01205,2026-03-30T00:45:00Z,Station-05,Red Line,36
metro-01206,2026-03-30T00:00:00Z,Station-06,Blue Line,83
metro-01207,2026-03-30T00:45:00Z,Station-07,Orange Line,69
metro-01208,2026-03-30T00:30:00Z,Station-08,Orange Line,93
metro-01209,2026-03-30T00:45:00Z,Station-09,Green Line,87
metro-01210,2026-03-30T00:45:00Z,Station-10,Green Line,41
metro-01211,2026-03-30T01:45:00Z,Station-01,Blue Line,79
metro-01212,2026-03-30T01:30:00Z,Station-02,Orange Line,34
metro-01213,2026-03-30T01:30:00Z,Station-03,Green Line,34
metro-01214,2026-03-30T01:00:00Z,Station-04,Orange Line,61
metro-01215,2026-03-30T01:30:00Z,Station-05,Green Line,58
metro-01216,2026-03-30T01:45:00Z,Station-06,Blue Line,34
metro-01217,2026-03-30T01:45:00Z,Station-07,Green Line,84
metro-01218,2026-03-30T01:15:00Z,Station-08,Orange Line,86
metro-01219,2026-03-30T01:00:00Z,Station-09,Red Line,75
metro-01220,2026-03-30T01:15:00Z,Station-10,Orange Line,58
metro-01221,2026-03-30T02:30:00Z,Station-01,Blue Line,36
metro-01222,2026-03-30T02:30:00Z,Station-02,Orange Line,31
metro-01223,2026-03-30T02:15:00Z,Station-03,Green Line,74
metro-01224,2026-03-30T02:00:00Z,Station-04,Blue Line,50
metro-01225,2026-03-30T02:45:00Z,Station-05,Orange Line,56
metro-01226,2026-03-30T02:45:00Z,Station-06,Green Line,60
metro-01227,2026-03-30T02:00:00Z,Station-07,Green Line,67
metro-01228,2026-03-30T02:30:00Z,Station-08,Orange Line,74
metro-01229,2026-03-30T02:30:00Z,Station-09,Orange Line,85
metro-01230,2026-03-30T02:15:00Z,Station-10,Green Line,72
metro-01231,2026-03-30T03:30:00Z,Station-01,Green Line,58
metro-01232,2026-03-30T03:30:00Z,Station-02,Green Line,39
metro-01233,2026-03-30T03:30:00Z,Station-03,Red Line,80
metro-01234,2026-03-30T03:15:00Z,Station-04,Blue Line,63
metro-01235,2026-03-30T03:30:00Z,Station-05,Orange Line,66
metro-01236,2026-03-30T03:15:00Z,Station-06,Green Line,82
metro-01237,2026-03-30T03:30:00Z,Station-07,Red Line,51
metro-01238,2026-03-30T03:15:00Z,Station-08,Blue Line,36
metro-01239,2026-03-30T03:30:00Z,Station-09,Orange Line,46
metro-01240,2026-03-30T03:45:00Z,Station-10,Blue Line,64
metro-01241,2026-03-30T04:00:00Z,Station-01,Blue Line,50
metro-01242,2026-03-30T04:00:00Z,Station-02,Red Line,87
metro-01243,2026-03-30T04:15:00Z,Station-03,Red Line,52
metro-01244,2026-03-30T04:00:00Z,Station-04,Orange Line,35
metro-01245,2026-03-30T04:45:00Z,Station-05,Green Line,68
metro-01246,2026-03-30T04:30:00Z,Station-06,Blue Line,66
metro-01247,2026-03-30T04:45:00Z,Station-07,Green Line,73
metro-01248,2026-03-30T04:45:00Z,Station-08,Blue Line,46
metro-01249,2026-03-30T04:00:00Z,Station-09,Blue Line,31
metro-01250,2026-03-30T04:00:00Z,Station-10,Green Line,65
metro-01251,2026-03-30T05:45:00Z,Station-01,Green Line,78
metro-01252,2026-03-30T05:00:00Z,Station-02,Blue Line,58
metro-01253,2026-03-30T05:00:00Z,Station-03,Red Line,48
metro-01254,2026-03-30T05:30:00Z,Station-04,Red Line,47
metro-01255,2026-03-30T05:00:00Z,Station-05,Blue Line,89
metro-01256,2026-03-30T05:30:00Z,Station-06,Orange Line,75
metro-01257,2026-03-30T05:45:00Z,Station-07,Blue Line,72
metro-01258,2026-03-30T05:30:00Z,Station-08,Orange Line,30
metro-01259,2026-03-30T05:45:00Z,Station-09,Red Line,57
metro-01260,2026-03-30T05:00:00Z,Station-10,Green Line,76
metro-01261,2026-03-30T06:30:00Z,Station-01,Blue Line,63
metro-01262,2026-03-30T06:30:00Z,Station-02,Orange Line,79
metro-01263,2026-03-30T06:15:00Z,Station-03,Red Line,39
metro-01264,2026-03-30T06:15:00Z,Station-04,Green Line,36
metro-01265,2026-03-30T06:15:00Z,Station-05,Green Line,53
metro-01266,2026-03-30T06:15:00Z,Station-06,Orange Line,50
metro-01267,2026-03-30T06:15:00Z,Station-07,Red Line,61
metro-01268,2026-03-30T06:15:00Z,Station-08,Green Line,88
metro-01269,2026-03-30T06:30:00Z,Station-09,Blue Line,63
metro-01270,2026-03-30T06:45:00Z,Station-10,Blue Line,43
metro-01271,2026-03-30T07:00:00Z,Station-01,Green Line,59
metro-01272,2026-03-30T07:45:00Z,Station-02,Orange Line,94
metro-01273,2026-03-30T07:45:00Z,Station-03,Red Line,34
metro-01274,2026-03-30T07:30:00Z,Station-04,Blue Line,65
metro-01275,2026-03-30T07:45:00Z,Station-05,Red Line,49
metro-01276,2026-03-30T07:00:00Z,Station-06,Orange Line,86
metro-01277,2026-03-30T07:30:00Z,Station-07,Red Line,89
metro-01278,2026-03-30T07:30:00Z,Station-08,Blue Line,34
metro-01279,2026-03-30T07:30:00Z,Station-09,Blue Line,70
metro-01280,2026-03-30T07:00:00Z,Station-10,Blue Line,59
metro-01281,2026-03-30T08:30:00Z,Station-01,Red Line,50
metro-01282,2026-03-30T08:15:00Z,Station-02,Green Line,84
metro-01283,2026-03-30T08:45:00Z,Station-03,Green Line,53
metro-01284,2026-03-30T08:45:00Z,Station-04,Green Line,50
metro-01285,2026-03-30T08:15:00Z,Station-05,Blue Line,47
metro-01286,2026-03-30T08:15:00Z,Station-06,Blue Line,31
metro-01287,2026-03-30T08:15:00Z,Station-07,Red Line,47
metro-01288,2026-03-30T08:30:00Z,Station-08,Orange Line,43
metro-01289,2026-03-30T08:15:00Z,Station-09,Blue Line,31
metro-01290,2026-03-30T08:15:00Z,Station-10,Red Line,58
metro-01291,2026-03-30T09:15:00Z,Station-01,Green Line,82
metro-01292,2026-03-30T09:45:00Z,Station-02,Orange Line,38
metro-01293,2026-03-30T09:00:00Z,Station-03,Orange Line,88
metro-01294,2026-03-30T09:30:00Z,Station-04,Red Line,86
metro-01295,2026-03-30T09:45:00Z,Station-05,Blue Line,91
metro-01296,2026-03-30T09:30:00Z,Station-06,Green Line,61
metro-01297,2026-03-30T09:00:00Z,Station-07,Blue Line,65
metro-01298,2026-03-30T09:30:00Z,Station-08,Blue Line,37
metro-01299,2026-03-30T09:00:00Z,Station-09,Blue Line,59
metro-01300,2026-03-30T09:30:00Z,Station-10,Orange Line,51
metro-01301,2026-03-30T10:15:00Z,Station-01,Red Line,57
metro-01302,2026-03-30T10:30:00Z,Station-02,Blue Line,35
metro-01303,2026-03-30T10:15:00Z,Station-03,Green Line,88
metro-01304,2026-03-30T10:00:00Z,Station-04,Red Line,41
metro-01305,2026-03-30T10:45:00Z,Station-05,Blue Line,50
metro-01306,2026-03-30T10:15:00Z,Station-06,Green Line,36
metro-01307,2026-03-30T10:30:00Z,Station-07,Red Line,86
metro-01308,2026-03-30T10:45:00Z,Station-08,Green Line,89
metro-01309,2026-03-30T10:00:00Z,Station-09,Orange Line,93
metro-01310,2026-03-30T10:30:00Z,Station-10,Green Line,82
metro-01311,2026-03-30T11:00:00Z,Station-01,Blue Line,63
metro-01312,2026-03-30T11:00:00Z,Station-02,Orange Line,76
metro-01313,2026-03-30T11:15:00Z,Station-03,Orange Line,49
metro-01314,2026-03-30T11:45:00Z,Station-04,Blue Line,73
metro-01315,2026-03-30T11:00:00Z,Station-05,Blue Line,49
metro-01316,2026-03-30T11:30:00Z,Station-06,Red Line,73
metro-01317,2026-03-30T11:45:00Z,Station-07,Orange Line,66
metro-01318,2026-03-30T11:30:00Z,Station-08,Blue Line,61
metro-01319,2026-03-30T11:45:00Z,Station-09,Blue Line,54
metro-01320,2026-03-30T11:45:00Z,Station-10,Red Line,53
metro-01321,2026-03-30T12:00:00Z,Station-01,Blue Line,40
metro-01322,2026-03-30T12:00:00Z,Station-02,Red Line,45
metro-01323,2026-03-30T12:45:00Z,Station-03,Red Line,60
metro-01324,2026-03-30T12:30:00Z,Station-04,Orange Line,36
metro-01325,2026-03-30T12:00:00Z,Station-05,Orange Line,36
metro-01326,2026-03-30T12:45:00Z,Station-06,Green Line,34
metro-01327,2026-03-30T12:15:00Z,Station-07,Blue Line,75
metro-01328,2026-03-30T12:00:00Z,Station-08,Green Line,75
metro-01329,2026-03-30T12:15:00Z,Station-09,Green Line,44
metro-01330,2026-03-30T12:45:00Z,Station-10,Red Line,52
metro-01331,2026-03-30T13:15:00Z,Station-01,Blue Line,93
metro-01332,2026-03-30T13:45:00Z,Station-02,Green Line,61
metro-01333,2026-03-30T13:15:00Z,Station-03,Orange Line,53
metro-01334,2026-03-30T13:15:00Z,Station-04,Red Line,76
metro-01335,2026-03-30T13:30:00Z,Station-05,Blue Line,48
metro-01336,2026-03-30T13:00:00Z,Station-06,Orange Line,52
metro-01337,2026-03-30T13:45:00Z,Station-07,Green Line,63
metro-01338,2026-03-30T13:45:00Z,Station-08,Blue Line,54
metro-01339,2026-03-30T13:00:00Z,Station-09,Blue Line,55
metro-01340,2026-03-30T13:30:00Z,Station-10,Green Line,68
metro-01341,2026-03-30T14:45:00Z,Station-01,Red Line,69
metro-01342,2026-03-30T14:45:00Z,Station-02,Green Line,31
metro-01343,2026-03-30T14:30:00Z,Station-03,Orange Line,32
metro-01344,2026-03-30T14:15:00Z,Station-04,Red Line,77
metro-01345,2026-03-30T14:45:00Z,Station-05,Green Line,39
metro-01346,2026-03-30T14:30:00Z,Station-06,Blue Line,87
metro-01347,2026-03-30T14:45:00Z,Station-07,Green Line,53
metro-01348,2026-03-30T14:45:00Z,Station-08,Orange Line,56
metro-01349,2026-03-30T14:15:00Z,Station-09,Green Line,83
metro-01350,2026-03-30T14:15:00Z,Station-10,Green Line,53
metro-01351,2026-03-30T15:45:00Z,Station-01,Orange Line,90
metro-01352,2026-03-30T15:30:00Z,Station-02,Blue Line,50
metro-01353,2026-03-30T15:30:00Z,Station-03,Blue Line,32
metro-01354,2026-03-30T15:45:00Z,Station-04,Red Line,81
metro-01355,2026-03-30T15:30:00Z,Station-05,Red Line,48
metro-01356,2026-03-30T15:15:00Z,Station-06,Red Line,77
metro-01357,2026-03-30T15:15:00Z,Station-07,Blue Line,66
metro-01358,2026-03-30T15:00:00Z,Station-08,Red Line,71
metro-01359,2026-03-30T15:45:00Z,Station-09,Blue Line,35
metro-01360,2026-03-30T15:15:00Z,Station-10,Green Line,70
metro-01361,2026-03-30T16:45:00Z,Station-01,Blue Line,85
metro-01362,2026-03-30T16:15:00Z,Station-02,Orange Line,49
metro-01363,2026-03-30T16:45:00Z,Station-03,Blue Line,67
metro-01364,2026-03-30T16:15:00Z,Station-04,Red Line,85
metro-01365,2026-03-30T16:45:00Z,Station-05,Red Line,72
metro-01366,2026-03-30T16:30:00Z,Station-06,Red Line,73
metro-01367,2026-03-30T16:00:00Z,Station-07,Blue Line,56
metro-01368,2026-03-30T16:00:00Z,Station-08,Blue Line,35
metro-01369,2026-03-30T16:00:00Z,Station-09,Green Line,58
metro-01370,2026-03-30T16:15:00Z,Station-10,Red Line,40
metro-01371,2026-03-30T17:15:00Z,Station-01,Blue Line,42
metro-01372,2026-03-30T17:15:00Z,Station-02,Red Line,77
metro-01373,2026-03-30T17:30:00Z,Station-03,Red Line,77
metro-01374,2026-03-30T17:15:00Z,Station-04,Orange Line,83
metro-01375,2026-03-30T17:45:00Z,Station-05,Orange Line,68
metro-01376,2026-03-30T17:00:00Z,Station-06,Red Line,44
metro-01377,2026-03-30T17:30:00Z,Station-07,Green Line,37
metro-01378,2026-03-30T17:45:00Z,Station-08,Green Line,69
metro-01379,2026-03-30T17:15:00Z,Station-09,Red Line,35
metro-01380,2026-03-30T17:45:00Z,Station-10,Blue Line,94
metro-01381,2026-03-30T18:45:00Z,Station-01,Orange Line,91
metro-01382,2026-03-30T18:15:00Z,Station-02,Green Line,71
metro-01383,2026-03-30T18:45:00Z,Station-03,Orange Line,66
metro-01384,2026-03-30T18:45:00Z,Station-04,Green Line,45
metro-01385,2026-03-30T18:45:00Z,Station-05,Blue Line,57
metro-01386,2026-03-30T18:30:00Z,Station-06,Blue Line,44
metro-01387,2026-03-30T18:15:00Z,Station-07,Orange Line,48
metro-01388,2026-03-30T18:15:00Z,Station-08,Red Line,54
metro-01389,2026-03-30T18:15:00Z,Station-09,Red Line,69
metro-01390,2026-03-30T18:00:00Z,Station-10,Red Line,66
metro-01391,2026-03-30T19:15:00Z,Station-01,Green Line,57
metro-01392,2026-03-30T19:00:00Z,Station-02,Green Line,92
metro-01393,2026-03-30T19:00:00Z,Station-03,Red Line,90
metro-01394,2026-03-30T19:45:00Z,Station-04,Blue Line,82
metro-01395,2026-03-30T19:30:00Z,Station-05,Red Line,50
metro-01396,2026-03-30T19:15:00Z,Station-06,Red Line,32
metro-01397,2026-03-30T19:00:00Z,Station-07,Blue Line,85
metro-01398,2026-03-30T19:45:00Z,Station-08,Orange Line,32
metro-01399,2026-03-30T19:15:00Z,Station-09,Red Line,37
metro-01400,2026-03-30T19:00:00Z,Station-10,Green Line,55
metro-01401,2026-03-30T20:15:00Z,Station-01,Green Line,54
metro-01402,2026-03-30T20:45:00Z,Station-02,Blue Line,42
metro-01403,2026-03-30T20:00:00Z,Station-03,Green Line,35
metro-01404,2026-03-30T20:30:00Z,Station-04,Blue Line,64
metro-01405,2026-03-30T20:15:00Z,Station-05,Blue Line,30
metro-01406,2026-03-30T20:30:00Z,Station-06,Blue Line,83
metro-01407,2026-03-30T20:15:00Z,Station-07,Red Line,37
metro-01408,2026-03-30T20:45:00Z,Station-08,Orange Line,85
metro-01409,2026-03-30T20:15:00Z,Station-09,Orange Line,85
metro-01410,2026-03-30T20:15:00Z,Station-10,Blue Line,52
metro-01411,2026-03-30T21:15:00Z,Station-01,Orange Line,56
metro-01412,2026-03-30T21:15:00Z,Station-02,Orange Line,82
metro-01413,2026-03-30T21:00:00Z,Station-03,Green Line,44
metro-01414,2026-03-30T21:45:00Z,Station-04,Blue Line,80
metro-01415,2026-03-30T21:45:00Z,Station-05,Red Line,61
metro-01416,2026-03-30T21:45:00Z,Station-06,Green Line,43
metro-01417,2026-03-30T21:00:00Z,Station-07,Red Line,54
metro-01418,2026-03-30T21:15:00Z,Station-08,Blue Line,55
metro-01419,2026-03-30T21:15:00Z,Station-09,Blue Line,42
metro-01420,2026-03-30T21:15:00Z,Station-10,Green Line,53
metro-01421,2026-03-30T22:45:00Z,Station-01,Red Line,91
metro-01422,2026-03-30T22:30:00Z,Station-02,Red Line,81
metro-01423,2026-03-30T22:45:00Z,Station-03,Orange Line,79
metro-01424,2026-03-30T22:00:00Z,Station-04,Red Line,84
metro-01425,2026-03-30T22:30:00Z,Station-05,Blue Line,30
metro-01426,2026-03-30T22:00:00Z,Station-06,Green Line,61
metro-01427,2026-03-30T22:00:00Z,Station-07,Blue Line,89
metro-01428,2026-03-30T22:45:00Z,Station-08,Orange Line,44
metro-01429,2026-03-30T22:45:00Z,Station-09,Red Line,75
metro-01430,2026-03-30T22:45:00Z,Station-10,Blue Line,68
metro-01431,2026-03-30T23:30:00Z,Station-01,Orange Line,52
metro-01432,2026-03-30T23:00:00Z,Station-02,Blue Line,80
metro-01433,2026-03-30T23:45:00Z,Station-03,Green Line,81
metro-01434,2026-03-30T23:45:00Z,Station-04,Blue Line,75
metro-01435,2026-03-30T23:00:00Z,Station-05,Blue Line,71
metro-01436,2026-03-30T23:45:00Z,Station-06,Blue Line,69
metro-01437,2026-03-30T23:15:00Z,Station-07,Green Line,71
metro-01438,2026-03-30T23:15:00Z,Station-08,Green Line,85
metro-01439,2026-03-30T23:00:00Z,Station-09,Orange Line,68
metro-01440,2026-03-30T23:15:00Z,Station-10,Red Line,86
metro-01441,2026-03-31T00:30:00Z,Station-01,Orange Line,48
metro-01442,2026-03-31T00:45:00Z,Station-02,Orange Line,68
metro-01443,2026-03-31T00:00:00Z,Station-03,Orange Line,80
metro-01444,2026-03-31T00:45:00Z,Station-04,Red Line,30
metro-01445,2026-03-31T00:45:00Z,Station-05,Green Line,93
metro-01446,2026-03-31T00:30:00Z,Station-06,Green Line,66
metro-01447,2026-03-31T00:45:00Z,Station-07,Green Line,39
metro-01448,2026-03-31T00:15:00Z,Station-08,Green Line,44
metro-01449,2026-03-31T00:45:00Z,Station-09,Orange Line,61
metro-01450,2026-03-31T00:30:00Z,Station-10,Orange Line,73
metro-01451,2026-03-31T01:15:00Z,Station-01,Orange Line,43
metro-01452,2026-03-31T01:45:00Z,Station-02,Green Line,33
metro-01453,2026-03-31T01:30:00Z,Station-03,Green Line,70
metro-01454,2026-03-31T01:00:00Z,Station-04,Blue Line,95
metro-01455,2026-03-31T01:45:00Z,Station-05,Red Line,71
metro-01456,2026-03-31T01:15:00Z,Station-06,Red Line,34
metro-01457,2026-03-31T01:15:00Z,Station-07,Orange Line,47
metro-01458,2026-03-31T01:45:00Z,Station-08,Red Line,80
metro-01459,2026-03-31T01:45:00Z,Station-09,Green Line,37
metro-01460,2026-03-31T01:00:00Z,Station-10,Blue Line,64
metro-01461,2026-03-31T02:30:00Z,Station-01,Green Line,43
metro-01462,2026-03-31T02:15:00Z,Station-02,Red Line,54
metro-01463,2026-03-31T02:00:00Z,Station-03,Green Line,91
metro-01464,2026-03-31T02:30:00Z,Station-04,Blue Line,90
metro-01465,2026-03-31T02:30:00Z,Station-05,Red Line,74
metro-01466,2026-03-31T02:45:00Z,Station-06,Blue Line,31
metro-01467,2026-03-31T02:15:00Z,Station-07,Orange Line,77
metro-01468,2026-03-31T02:00:00Z,Station-08,Red Line,30
metro-01469,2026-03-31T02:15:00Z,Station-09,Red Line,74
metro-01470,2026-03-31T02:45:00Z,Station-10,Orange Line,43
metro-01471,2026-03-31T03:30:00Z,Station-01,Blue Line,32
metro-01472,2026-03-31T03:30:00Z,Station-02,Orange Line,67
metro-01473,2026-03-31T03:00:00Z,Station-03,Green Line,54
metro-01474,2026-03-31T03:45:00Z,Station-04,Green Line,85
metro-01475,2026-03-31T03:45:00Z,Station-05,Red Line,94
metro-01476,2026-03-31T03:45:00Z,Station-06,Red Line,45
metro-01477,2026-03-31T03:45:00Z,Station-07,Blue Line,83
metro-01478,2026-03-31T03:00:00Z,Station-08,Red Line,44
metro-01479,2026-03-31T03:15:00Z,Station-09,Orange Line,77
metro-01480,2026-03-31T03:00:00Z,Station-10,Red Line,59
metro-01481,2026-03-31T04:30:00Z,Station-01,Green Line,68
metro-01482,2026-03-31T04:30:00Z,Station-02,Blue Line,35
metro-01483,2026-03-31T04:45:00Z,Station-03,Orange Line,65
metro-01484,2026-03-31T04:30:00Z,Station-04,Orange Line,81
metro-01485,2026-03-31T04:30:00Z,Station-05,Blue Line,68
metro-01486,2026-03-31T04:00:00Z,Station-06,Orange Line,48
metro-01487,2026-03-31T04:15:00Z,Station-07,Red Line,71
metro-01488,2026-03-31T04:30:00Z,Station-08,Orange Line,91
metro-01489,2026-03-31T04:15:00Z,Station-09,Green Line,84
metro-01490,2026-03-31T04:15:00Z,Station-10,Blue Line,53
metro-01491,2026-03-31T05:00:00Z,Station-01,Red Line,72
metro-01492,2026-03-31T05:15:00Z,Station-02,Blue Line,67
metro-01493,2026-03-31T05:45:00Z,Station-03,Red Line,63
metro-01494,2026-03-31T05:45:00Z,Station-04,Green Line,91
metro-01495,2026-03-31T05:45:00Z,Station-05,Green Line,66
metro-01496,2026-03-31T05:30:00Z,Station-06,Green Line,58
metro-01497,2026-03-31T05:45:00Z,Station-07,Green Line,51
metro-01498,2026-03-31T05:00:00Z,Station-08,Blue Line,58
metro-01499,2026-03-31T05:30:00Z,Station-09,Red Line,92
metro-01500,2026-03-31T05:00:00Z,Station-10,Blue Line,66
metro-01501,2026-03-31T06:30:00Z,Station-01,Green Line,57
metro-01502,2026-03-31T06:00:00Z,Station-02,Blue Line,37
metro-01503,2026-03-31T06:00:00Z,Station-03,Blue Line,80
metro-01504,2026-03-31T06:15:00Z,Station-04,Blue Line,41
metro-01505,2026-03-31T06:00:00Z,Station-05,Orange Line,60
metro-01506,2026-03-31T06:15:00Z,Station-06,Orange Line,93
metro-01507,2026-03-31T06:15:00Z,Station-07,Orange Line,64
metro-01508,2026-03-31T06:15:00Z,Station-08,Green Line,71
metro-01509,2026-03-31T06:30:00Z,Station-09,Green Line,51
metro-01510,2026-03-31T06:15:00Z,Station-10,Green Line,51
metro-01511,2026-03-31T07:30:00Z,Station-01,Blue Line,70
metro-01512,2026-03-31T07:00:00Z,Station-02,Orange Line,44
metro-01513,2026-03-31T07:30:00Z,Station-03,Orange Line,77
metro-01514,2026-03-31T07:00:00Z,Station-04,Orange Line,38
metro-01515,2026-03-31T07:00:00Z,Station-05,Green Line,36
metro-01516,2026-03-31T07:00:00Z,Station-06,Green Line,69
metro-01517,2026-03-31T07:00:00Z,Station-07,Green Line,87
metro-01518,2026-03-31T07:45:00Z,Station-08,Green Line,64
metro-01519,2026-03-31T07:45:00Z,Station-09,Blue Line,76
metro-01520,2026-03-31T07:15:00Z,Station-10,Green Line,48
metro-01521,2026-03-31T08:30:00Z,Station-01,Orange Line,67
metro-01522,2026-03-31T08:00:00Z,Station-02,Orange Line,45
metro-01523,2026-03-31T08:30:00Z,Station-03,Green Line,88
metro-01524,2026-03-31T08:15:00Z,Station-04,Green Line,67
metro-01525,2026-03-31T08:15:00Z,Station-05,Red Line,72
metro-01526,2026-03-31T08:15:00Z,Station-06,Orange Line,95
metro-01527,2026-03-31T08:00:00Z,Station-07,Blue Line,54
metro-01528,2026-03-31T08:00:00Z,Station-08,Blue Line,83
metro-01529,2026-03-31T08:00:00Z,Station-09,Red Line,55
metro-01530,2026-03-31T08:15:00Z,Station-10,Blue Line,84
metro-01531,2026-03-31T09:00:00Z,Station-01,Orange Line,94
metro-01532,2026-03-31T09:15:00Z,Station-02,Red Line,75
metro-01533,2026-03-31T09:15:00Z,Station-03,Orange Line,90
metro-01534,2026-03-31T09:15:00Z,Station-04,Red Line,66
metro-01535,2026-03-31T09:45:00Z,Station-05,Blue Line,70
metro-01536,2026-03-31T09:00:00Z,Station-06,Green Line,53
metro-01537,2026-03-31T09:00:00Z,Station-07,Orange Line,69
metro-01538,2026-03-31T09:45:00Z,Station-08,Green Line,57
metro-01539,2026-03-31T09:30:00Z,Station-09,Blue Line,91
metro-01540,2026-03-31T09:00:00Z,Station-10,Red Line,95
metro-01541,2026-03-31T10:00:00Z,Station-01,Green Line,84
metro-01542,2026-03-31T10:45:00Z,Station-02,Blue Line,67
metro-01543,2026-03-31T10:30:00Z,Station-03,Orange Line,93
metro-01544,2026-03-31T10:00:00Z,Station-04,Orange Line,86
metro-01545,2026-03-31T10:45:00Z,Station-05,Blue Line,80
metro-01546,2026-03-31T10:00:00Z,Station-06,Green Line,58
metro-01547,2026-03-31T10:15:00Z,Station-07,Orange Line,47
metro-01548,2026-03-31T10:30:00Z,Station-08,Orange Line,85
metro-01549,2026-03-31T10:30:00Z,Station-09,Green Line,36
metro-01550,2026-03-31T10:00:00Z,Station-10,Red Line,44
metro-01551,2026-03-31T11:00:00Z,Station-01,Green Line,91
metro-01552,2026-03-31T11:15:00Z,Station-02,Red Line,59
metro-01553,2026-03-31T11:30:00Z,Station-03,Blue Line,42
metro-01554,2026-03-31T11:00:00Z,Station-04,Orange Line,67
metro-01555,2026-03-31T11:30:00Z,Station-05,Blue Line,67
metro-01556,2026-03-31T11:45:00Z,Station-06,Green Line,95
metro-01557,2026-03-31T11:30:00Z,Station-07,Orange Line,77
metro-01558,2026-03-31T11:45:00Z,Station-08,Blue Line,77
metro-01559,2026-03-31T11:45:00Z,Station-09,Green Line,74
metro-01560,2026-03-31T11:15:00Z,Station-10,Red Line,36
metro-01561,2026-03-31T12:15:00Z,Station-01,Blue Line,39
metro-01562,2026-03-31T12:45:00Z,Station-02,Orange Line,39
metro-01563,2026-03-31T12:15:00Z,Station-03,Green Line,54
metro-01564,2026-03-31T12:45:00Z,Station-04,Red Line,89
metro-01565,2026-03-31T12:00:00Z,Station-05,Green Line,68
metro-01566,2026-03-31T12:30:00Z,Station-06,Green Line,42
metro-01567,2026-03-31T12:30:00Z,Station-07,Blue Line,84
metro-01568,2026-03-31T12:45:00Z,Station-08,Blue Line,80
metro-01569,2026-03-31T12:00:00Z,Station-09,Red Line,53
metro-01570,2026-03-31T12:15:00Z,Station-10,Red Line,56
metro-01571,2026-03-31T13:30:00Z,Station-01,Orange Line,44
metro-01572,2026-03-31T13:00:00Z,Station-02,Blue Line,92
metro-01573,2026-03-31T13:00:00Z,Station-03,Green Line,73
metro-01574,2026-03-31T13:00:00Z,Station-04,Red Line,51
metro-01575,2026-03-31T13:00:00Z,Station-05,Orange Line,89
metro-01576,2026-03-31T13:00:00Z,Station-06,Green Line,70
metro-01577,2026-03-31T13:15:00Z,Station-07,Orange Line,84
metro-01578,2026-03-31T13:15:00Z,Station-08,Blue Line,77
metro-01579,2026-03-31T13:00:00Z,Station-09,Green Line,94
metro-01580,2026-03-31T13:00:00Z,Station-10,Orange Line,31
metro-01581,2026-03-31T14:30:00Z,Station-01,Blue Line,46
metro-01582,2026-03-31T14:45:00Z,Station-02,Red Line,45
metro-01583,2026-03-31T14:00:00Z,Station-03,Blue Line,40
metro-01584,2026-03-31T14:00:00Z,Station-04,Blue Line,46
metro-01585,2026-03-31T14:45:00Z,Station-05,Green Line,47
metro-01586,2026-03-31T14:30:00Z,Station-06,Green Line,45
metro-01587,2026-03-31T14:15:00Z,Station-07,Orange Line,35
metro-01588,2026-03-31T14:00:00Z,Station-08,Green Line,42
metro-01589,2026-03-31T14:00:00Z,Station-09,Red Line,66
metro-01590,2026-03-31T14:30:00Z,Station-10,Red Line,47
metro-01591,2026-03-31T15:30:00Z,Station-01,Blue Line,89
metro-01592,2026-03-31T15:15:00Z,Station-02,Orange Line,38
metro-01593,2026-03-31T15:30:00Z,Station-03,Orange Line,56
metro-01594,2026-03-31T15:45:00Z,Station-04,Orange Line,47
metro-01595,2026-03-31T15:45:00Z,Station-05,Red Line,57
metro-01596,2026-03-31T15:30:00Z,Station-06,Orange Line,61
metro-01597,2026-03-31T15:15:00Z,Station-07,Green Line,60
metro-01598,2026-03-31T15:00:00Z,Station-08,Red Line,72
metro-01599,2026-03-31T15:30:00Z,Station-09,Orange Line,41
metro-01600,2026-03-31T15:30:00Z,Station-10,Green Line,87
metro-01601,2026-03-31T16:15:00Z,Station-01,Red Line,72
metro-01602,2026-03-31T16:45:00Z,Station-02,Orange Line,60
metro-01603,2026-03-31T16:45:00Z,Station-03,Blue Line,75
metro-01604,2026-03-31T16:30:00Z,Station-04,Red Line,42
metro-01605,2026-03-31T16:45:00Z,Station-05,Green Line,61
metro-01606,2026-03-31T16:45:00Z,Station-06,Red Line,47
metro-01607,2026-03-31T16:15:00Z,Station-07,Orange Line,92
metro-01608,2026-03-31T16:15:00Z,Station-08,Orange Line,33
metro-01609,2026-03-31T16:15:00Z,Station-09,Orange Line,78
metro-01610,2026-03-31T16:45:00Z,Station-10,Red Line,73
metro-01611,2026-03-31T17:15:00Z,Station-01,Green Line,52
metro-01612,2026-03-31T17:00:00Z,Station-02,Orange Line,62
metro-01613,2026-03-31T17:30:00Z,Station-03,Red Line,82
metro-01614,2026-03-31T17:00:00Z,Station-04,Red Line,43
metro-01615,2026-03-31T17:45:00Z,Station-05,Green Line,56
metro-01616,2026-03-31T17:30:00Z,Station-06,Green Line,82
metro-01617,2026-03-31T17:30:00Z,Station-07,Red Line,77
metro-01618,2026-03-31T17:00:00Z,Station-08,Red Line,54
metro-01619,2026-03-31T17:00:00Z,Station-09,Blue Line,92
metro-01620,2026-03-31T17:15:00Z,Station-10,Red Line,63
metro-01621,2026-03-31T18:15:00Z,Station-01,Orange Line,83
metro-01622,2026-03-31T18:15:00Z,Station-02,Orange Line,47
metro-01623,2026-03-31T18:00:00Z,Station-03,Green Line,63
metro-01624,2026-03-31T18:30:00Z,Station-04,Orange Line,44
metro-01625,2026-03-31T18:15:00Z,Station-05,Green Line,57
metro-01626,2026-03-31T18:00:00Z,Station-06,Orange Line,35
metro-01627,2026-03-31T18:45:00Z,Station-07,Orange Line,81
metro-01628,2026-03-31T18:30:00Z,Station-08,Red Line,52
metro-01629,2026-03-31T18:15:00Z,Station-09,Green Line,95
metro-01630,2026-03-31T18:45:00Z,Station-10,Green Line,70
metro-01631,2026-03-31T19:30:00Z,Station-01,Red Line,60
metro-01632,2026-03-31T19:30:00Z,Station-02,Orange Line,47
metro-01633,2026-03-31T19:45:00Z,Station-03,Red Line,88
metro-01634,2026-03-31T19:30:00Z,Station-04,Blue Line,32
metro-01635,2026-03-31T19:45:00Z,Station-05,Red Line,43
metro-01636,2026-03-31T19:45:00Z,Station-06,Green Line,34
metro-01637,2026-03-31T19:15:00Z,Station-07,Green Line,56
metro-01638,2026-03-31T19:00:00Z,Station-08,Orange Line,56
metro-01639,2026-03-31T19:45:00Z,Station-09,Orange Line,75
metro-01640,2026-03-31T19:15:00Z,Station-10,Blue Line,57
metro-01641,2026-03-31T20:45:00Z,Station-01,Green Line,90
metro-01642,2026-03-31T20:45:00Z,Station-02,Red Line,62
metro-01643,2026-03-31T20:00:00Z,Station-03,Blue Line,31
metro-01644,2026-03-31T20:00:00Z,Station-04,Red Line,74
metro-01645,2026-03-31T20:15:00Z,Station-05,Orange Line,32
metro-01646,2026-03-31T20:15:00Z,Station-06,Blue Line,80
metro-01647,2026-03-31T20:15:00Z,Station-07,Green Line,63
metro-01648,2026-03-31T20:15:00Z,Station-08,Red Line,63
metro-01649,2026-03-31T20:00:00Z,Station-09,Blue Line,59
metro-01650,2026-03-31T20:00:00Z,Station-10,Red Line,75
metro-01651,2026-03-31T21:45:00Z,Station-01,Orange Line,47
metro-01652,2026-03-31T21:00:00Z,Station-02,Green Line,65
metro-01653,2026-03-31T21:00:00Z,Station-03,Red Line,37
metro-01654,2026-03-31T21:45:00Z,Station-04,Green Line,42
metro-01655,2026-03-31T21:15:00Z,Station-05,Blue Line,64
metro-01656,2026-03-31T21:30:00Z,Station-06,Blue Line,39
metro-01657,2026-03-31T21:00:00Z,Station-07,Orange Line,69
metro-01658,2026-03-31T21:00:00Z,Station-08,Blue Line,48
metro-01659,2026-03-31T21:30:00Z,Station-09,Orange Line,33
metro-01660,2026-03-31T21:45:00Z,Station-10,Blue Line,79
metro-01661,2026-03-31T22:30:00Z,Station-01,Orange Line,56
metro-01662,2026-03-31T22:15:00Z,Station-02,Blue Line,77
metro-01663,2026-03-31T22:00:00Z,Station-03,Orange Line,68
metro-01664,2026-03-31T22:15:00Z,Station-04,Blue Line,67
metro-01665,2026-03-31T22:00:00Z,Station-05,Green Line,57
metro-01666,2026-03-31T22:15:00Z,Station-06,Orange Line,42
metro-01667,2026-03-31T22:00:00Z,Station-07,Red Line,34
metro-01668,2026-03-31T22:15:00Z,Station-08,Green Line,78
metro-01669,2026-03-31T22:45:00Z,Station-09,Red Line,78
metro-01670,2026-03-31T22:15:00Z,Station-10,Red Line,90
metro-01671,2026-03-31T23:00:00Z,Station-01,Blue Line,81
metro-01672,2026-03-31T23:45:00Z,Station-02,Blue Line,37
metro-01673,2026-03-31T23:15:00Z,Station-03,Red Line,34
metro-01674,2026-03-31T23:30:00Z,Station-04,Blue Line,80
metro-01675,2026-03-31T23:45:00Z,Station-05,Blue Line,38
metro-01676,2026-03-31T23:30:00Z,Station-06,Blue Line,82
metro-01677,2026-03-31T23:00:00Z,Station-07,Red Line,73
metro-01678,2026-03-31T23:45:00Z,Station-08,Orange Line,70
metro-01679,2026-03-31T23:00:00Z,Station-09,Red Line,42
metro-01680,2026-03-31T23:45:00Z,Station-10,Blue Line,47
